Paragraph_ID,Doc_ID,Country,Year,Document_Name,entity_name,ner_label,qh_category,qh_sub_category,qh_exact_category,modified_entity_name,finalized_entity_name
2,1,CAN,2022,Canada's National Quantum Strategy,The National Quantum Strategy,ORG,not an actor,not an actor,not an actor,False,The National Quantum Strategy
2,1,CAN,2022,Canada's National Quantum Strategy,NQS,ORG,not an actor,not an actor,not an actor,False,NQS
4,1,CAN,2022,Canada's National Quantum Strategy,Government of Canada,ORG,Government,Policy Makers,Government,False,Government of Canada
10,1,CAN,2022,Canada's National Quantum Strategy,National Research Council of Canada,ORG,Academia,Public Research Orgs (PROs),Research Council,False,National Research Council of Canada
10,1,CAN,2022,Canada's National Quantum Strategy,NRC,ORG,Academia,Public Research Orgs (PROs),Research Council,False,NRC
12,1,CAN,2022,Canada's National Quantum Strategy,D-Wave,ORG,Industry,Private Firms (Corporates),Technology Provider,False,D-Wave
12,1,CAN,2022,Canada's National Quantum Strategy,World Economic Forum,ORG,Civil Society,Intermediaries,Foundation; Network; Think Tank,False,World Economic Forum
12,1,CAN,2022,Canada's National Quantum Strategy,Xanadu,ORG,Industry,Start-ups,Technology Provider,False,Xanadu
18,1,CAN,2022,Canada's National Quantum Strategy,National Quantum Strategy,ORG,not an actor,not an actor,not an actor,False,National Quantum Strategy
20,1,CAN,2022,Canada's National Quantum Strategy,Commercialization  Stakeholders,ORG,not specified,not specified,not specified,False,Commercialization  Stakeholders
22,1,CAN,2022,Canada's National Quantum Strategy,Canadian IP,ORG,not an actor,not an actor,not an actor,False,Canadian IP
22,1,CAN,2022,Canada's National Quantum Strategy,Social Sciences and Humanities Research Council,ORG,Government,Funding Agencies,Funding; Research Council,False,Social Sciences and Humanities Research Council
22,1,CAN,2022,Canada's National Quantum Strategy,SSHRC,ORG,Government,Funding Agencies,Funding; Research Council,False,SSHRC
23,1,CAN,2022,Canada's National Quantum Strategy,Strategic Innovation Fund,ORG,not an actor,not an actor,not an actor,False,Strategic Innovation Fund
23,1,CAN,2022,Canada's National Quantum Strategy,SIF,ORG,not an actor,not an actor,not an actor,False,SIF
24,1,CAN,2022,Canada's National Quantum Strategy,Canada Foundation for Innovation,ORG,Government,Funding Agencies,Funding,False,Canada Foundation for Innovation
24,1,CAN,2022,Canada's National Quantum Strategy,CFI,ORG,Government,Funding Agencies,Funding,False,CFI
28,1,CAN,2022,Canada's National Quantum Strategy,Standards Council of Canada,ORG,Government,Policy Makers,Foundation; Regulatory Authority; Research Council,False,Standards Council of Canada
29,1,CAN,2022,Canada's National Quantum Strategy,Bank of Canada,ORG,Government,Policy Makers,Central Bank; Monetary Authority; Regulatory Authority,False,Bank of Canada
32,1,CAN,2022,Canada's National Quantum Strategy,Innovative Solutions Canada,ORG,not an actor,not an actor,not an actor,False,Innovative Solutions Canada
32,1,CAN,2022,Canada's National Quantum Strategy,ISC,ORG,not an actor,not an actor,not an actor,False,ISC
45,1,CAN,2022,Canada's National Quantum Strategy,Communications Security Establishment,ORG,Government,Policy Makers,Federal Security; Intelligence Authority; Regulatory Authority,False,Communications Security Establishment
45,1,CAN,2022,Canada's National Quantum Strategy,Quantum Encryption and Science Satellite,ORG,not an actor,not an actor,not an actor,False,Quantum Encryption and Science Satellite
45,1,CAN,2022,Canada's National Quantum Strategy,QEYSSat,ORG,not an actor,not an actor,not an actor,False,QEYSSat
45,1,CAN,2022,Canada's National Quantum Strategy,Secure Networks Challenge Program,ORG,not an actor,not an actor,not an actor,False,Secure Networks Challenge Program
56,1,CAN,2022,Canada's National Quantum Strategy,Department of National Defence,ORG,Government,Policy Makers,Federal Department; Ministry,False,Department of National Defence
56,1,CAN,2022,Canada's National Quantum Strategy,DND,ORG,Government,Policy Makers,Federal Department; Ministry,False,DND
56,1,CAN,2022,Canada's National Quantum Strategy,Internet of Things,ORG,not an actor,not an actor,not an actor,False,Internet of Things
67,1,CAN,2022,Canada's National Quantum Strategy,IQC,ORG,Academia,Public Research Orgs (PROs),Institute,False,IQC
67,1,CAN,2022,Canada's National Quantum Strategy,University of Waterloo,ORG,Academia,Higher Education Institutions (HEIs),University,False,University of Waterloo
67,1,CAN,2022,Canada's National Quantum Strategy,Perimeter Institute,ORG,Academia,Public Research Orgs (PROs),Institute,False,Perimeter Institute
67,1,CAN,2022,Canada's National Quantum Strategy,Canada First Research Excellence Fund,ORG,not an actor,not an actor,not an actor,False,Canada First Research Excellence Fund
67,1,CAN,2022,Canada's National Quantum Strategy,CFREF,ORG,not an actor,not an actor,not an actor,False,CFREF
67,1,CAN,2022,Canada's National Quantum Strategy,Canadian Space Agency,ORG,Government,Policy Makers,Space Agency,False,Canadian Space Agency
67,1,CAN,2022,Canada's National Quantum Strategy,Natural Sciences and Engineering Research Council of Canada,ORG,Government,Funding Agencies,Funding; Grant; Research Council,False,Natural Sciences and Engineering Research Council of Canada
67,1,CAN,2022,Canada's National Quantum Strategy,NSERC,ORG,Government,Funding Agencies,Funding; Grant; Research Council,False,NSERC
67,1,CAN,2022,Canada's National Quantum Strategy,MiQro Innovation Collaborative Center,ORG,Civil Society,Intermediaries,Cluster; Collaborative Research Center; Consortium; Hub; Innovation Hub; Network,False,MiQro Innovation Collaborative Center
67,1,CAN,2022,Canada's National Quantum Strategy,C2MI,ORG,Civil Society,Intermediaries,Cluster; Collaborative Research Center; Consortium; Innovation Hub; Network,False,C2MI
67,1,CAN,2022,Canada's National Quantum Strategy,Quantum Algorithms Institute,ORG,Civil Society,Intermediaries,Alliance; Consortium; Hub; Innovation Hub; Network,False,Quantum Algorithms Institute
67,1,CAN,2022,Canada's National Quantum Strategy,NSERC Alliance,ORG,not an actor,not an actor,Grant Program; not an actor,False,NSERC Alliance
70,1,CAN,2022,Canada's National Quantum Strategy,CSE,ORG,Government,Policy Makers,Federal Security; Intelligence Authority; Regulatory Authority,False,CSE
70,1,CAN,2022,Canada's National Quantum Strategy,Quantum Research and Development Initiative,ORG,not an actor,not an actor,not an actor,False,Quantum Research and Development Initiative
70,1,CAN,2022,Canada's National Quantum Strategy,QRDI,ORG,not an actor,not an actor,not an actor,False,QRDI
70,1,CAN,2022,Canada's National Quantum Strategy,IDEaS  Innovation for Defence Excellence and Security,ORG,not an actor,not an actor,Program; not an actor,False,IDEaS  Innovation for Defence Excellence and Security
70,1,CAN,2022,Canada's National Quantum Strategy,Canadian Armed Forces,ORG,Government,Policy Makers,Military,False,Canadian Armed Forces
71,1,CAN,2022,Canada's National Quantum Strategy,Université de Sherbrooke,ORG,Academia,Higher Education Institutions (HEIs),University,False,Université de Sherbrooke
71,1,CAN,2022,Canada's National Quantum Strategy,Institute for Quantum Computing,ORG,Academia,Public Research Orgs (PROs),Institute,False,Institute for Quantum Computing
71,1,CAN,2022,Canada's National Quantum Strategy,Institut Quantique,ORG,Academia,Public Research Orgs (PROs),Institute; Think Tank,False,Institut Quantique
71,1,CAN,2022,Canada's National Quantum Strategy,Stewart Blusson Quantum Matter Institute,ORG,Academia,Public Research Orgs (PROs),Institute,False,Stewart Blusson Quantum Matter Institute
71,1,CAN,2022,Canada's National Quantum Strategy,Mitacs,ORG,Civil Society,Intermediaries,Funding; Talent & Skills Organization; funded by the Government,False,Mitacs
71,1,CAN,2022,Canada's National Quantum Strategy,NSERC CREATE,ORG,not an actor,not an actor,Program; not an actor,False,NSERC CREATE
71,1,CAN,2022,Canada's National Quantum Strategy,Mitacs Accelerate International,ORG,not an actor,not an actor,Program; not an actor,False,Mitacs Accelerate International
72,1,CAN,2022,Canada's National Quantum Strategy,Alliance International,ORG,not an actor,not an actor,Program; not an actor,False,Alliance International
72,1,CAN,2022,Canada's National Quantum Strategy,"Immigration, Refugees and Citizenship Canada",ORG,Government,Policy Makers,Federal Department; Ministry,False,"Immigration, Refugees and Citizenship Canada"
72,1,CAN,2022,Canada's National Quantum Strategy,Global Affairs Canada,ORG,Government,Policy Makers,Federal Department; Ministry,False,Global Affairs Canada
72,1,CAN,2022,Canada's National Quantum Strategy,GAC,ORG,Government,Policy Makers,Federal Department; Ministry,False,GAC
72,1,CAN,2022,Canada's National Quantum Strategy,Budget 2022,ORG,not an actor,not an actor,Financial Plan; not an actor,False,Budget 2022
72,1,CAN,2022,Canada's National Quantum Strategy,Science and Economic Development Canada,ORG,Government,Policy Makers,Federal Department; Ministry,True,"Innovation, Science and Economic Development Canada"
72,1,CAN,2022,Canada's National Quantum Strategy,ISED,ORG,Government,Policy Makers,Federal Department; Ministry,False,ISED
72,1,CAN,2022,Canada's National Quantum Strategy,Alliance and CREATE,ORG,not an actor,not an actor,Program; not an actor,False,Alliance and CREATE
72,1,CAN,2022,Canada's National Quantum Strategy,EDI,ORG,not an actor,not an actor,Strategic Document,False,EDI
72,1,CAN,2022,Canada's National Quantum Strategy,International Summer School for Young Physicists,ORG,not an actor,not an actor,Program; not an actor,False,International Summer School for Young Physicists
72,1,CAN,2022,Canada's National Quantum Strategy,Perimeter,ORG,Academia,Public Research Orgs (PROs),Institute,False,Perimeter
72,1,CAN,2022,Canada's National Quantum Strategy,PSI,ORG,not an actor,not an actor,Program; not an actor,True,PSI Start program
73,1,CAN,2022,Canada's National Quantum Strategy,Statistics Canada,ORG,Government,Policy Makers,Federal Agency,False,Statistics Canada
73,1,CAN,2022,Canada's National Quantum Strategy,Quantum Industry Canada,ORG,Civil Society,Intermediaries,Consortium; Industry Association,False,Quantum Industry Canada
73,1,CAN,2022,Canada's National Quantum Strategy,Creative Destruction Lab,ORG,Civil Society,Intermediaries,Accelerator; Incubator,False,Creative Destruction Lab
74,1,CAN,2022,Canada's National Quantum Strategy,The Government of Canada,ORG,Government,Policy Makers,Government,False,The Government of Canada
74,1,CAN,2022,Canada's National Quantum Strategy,NRC’s Industrial Research Assistance Program,ORG,Government,Funding Agencies,Funding,False,NRC’s Industrial Research Assistance Program
74,1,CAN,2022,Canada's National Quantum Strategy,IRAP,ORG,Government,Funding Agencies,Advisory Service; SME Support,False,IRAP
74,1,CAN,2022,Canada's National Quantum Strategy,Federal Economic Development Agency for Southern Ontario,ORG,Government,Funding Agencies,Federal Agency,False,Federal Economic Development Agency for Southern Ontario
74,1,CAN,2022,Canada's National Quantum Strategy,FedDev Ontario,ORG,Government,Funding Agencies,Funding,False,FedDev Ontario
74,1,CAN,2022,Canada's National Quantum Strategy,Western Economic Diversification,ORG,Government,Funding Agencies,Federal Agency,False,Western Economic Diversification
74,1,CAN,2022,Canada's National Quantum Strategy,WD,ORG,Government,Funding Agencies,Federal Agency,False,WD
74,1,CAN,2022,Canada's National Quantum Strategy,Canada Economic Development for Quebec Regions,ORG,Government,Funding Agencies,Federal Agency,False,Canada Economic Development for Quebec Regions
74,1,CAN,2022,Canada's National Quantum Strategy,CED,ORG,Government,Funding Agencies,Federal Agency,False,CED
74,1,CAN,2022,Canada's National Quantum Strategy,Canadian International Innovation Program,ORG,not an actor,not an actor,Program; not an actor,False,Canadian International Innovation Program
74,1,CAN,2022,Canada's National Quantum Strategy,NRC IRAP,ORG,Government,Funding Agencies,Federal Agency; Funding,False,NRC IRAP
74,1,CAN,2022,Canada's National Quantum Strategy,Business Development Bank of Canada,ORG,Government,Bank,Corporate VC; Funding,False,Business Development Bank of Canada
74,1,CAN,2022,Canada's National Quantum Strategy,BDC,ORG,Government,Bank,Corporate VC; Funding,False,BDC
74,1,CAN,2022,Canada's National Quantum Strategy,Deep Tech Venture Fund,ORG,not an actor,not an actor,Financial Vehicle,False,Deep Tech Venture Fund
74,1,CAN,2022,Canada's National Quantum Strategy,Xanadu of Toronto,ORG,Industry,Start-ups,Technology Provider,True,Xanadu
74,1,CAN,2022,Canada's National Quantum Strategy,Nord Quantique,ORG,Industry,Start-ups,Technology Provider,False,Nord Quantique
74,1,CAN,2022,Canada's National Quantum Strategy,BDC Deep Tech Venture Fund,ORG,not an actor,not an actor,Financial Vehicle,False,BDC Deep Tech Venture Fund
76,1,CAN,2022,Canada's National Quantum Strategy,Regional Economic Growth through Innovation,ORG,not an actor,not an actor,Program; not an actor,True,Regional Economic Growth through Innovation program
76,1,CAN,2022,Canada's National Quantum Strategy,REGI,ORG,not an actor,not an actor,Program; not an actor,False,REGI
76,1,CAN,2022,Canada's National Quantum Strategy,PrairiesCan,ORG,Government,Funding Agencies,Federal Agency,False,PrairiesCan
76,1,CAN,2022,Canada's National Quantum Strategy,PacifiCan,ORG,Government,Funding Agencies,Federal Agency,False,PacifiCan
76,1,CAN,2022,Canada's National Quantum Strategy,Department of National Defence and Canadian Armed Forces Quantum Science and Technology,ORG,Government,Policy Makers,Federal Department; Ministry,True,Department of National Defence
76,1,CAN,2022,Canada's National Quantum Strategy,S&T,ORG,not an actor,not an actor,Strategic Document; not an actor,False,S&T
77,1,CAN,2022,Canada's National Quantum Strategy,Quantum Advisory Council,ORG,Government,Policy Makers,Advisory Service; Council,False,Quantum Advisory Council
77,1,CAN,2022,Canada's National Quantum Strategy,Council,ORG,not specified,not specified,not specified,False,Council
77,1,CAN,2022,Canada's National Quantum Strategy,Quantum Committee,ORG,not an actor,not an actor,not an actor,False,Quantum Committee
77,1,CAN,2022,Canada's National Quantum Strategy,NQS Secretariat,ORG,Government,Policy Makers,Administrative Unit,False,NQS Secretariat
78,1,CAN,2022,Canada's National Quantum Strategy,Government of Quebec,ORG,Government,Policy Makers,Federal Department; Ministry,False,Government of Quebec
78,1,CAN,2022,Canada's National Quantum Strategy,Sherbrooke Quantum Innovation Zone,ORG,Civil Society,Intermediaries,Cluster; Hub; Innovation Hub,False,Sherbrooke Quantum Innovation Zone
78,1,CAN,2022,Canada's National Quantum Strategy,Institut Quantique de Sherbrooke,ORG,Academia,Public Research Orgs (PROs),Institute,False,Institut Quantique de Sherbrooke
78,1,CAN,2022,Canada's National Quantum Strategy,IBM Quantum Hub,ORG,Industry,Private Firms (Corporates),Innovation Hub,False,IBM Quantum Hub
78,1,CAN,2022,Canada's National Quantum Strategy,IBM,ORG,Industry,Private Firms (Corporates),Technology Provider,False,IBM
78,1,CAN,2022,Canada's National Quantum Strategy,IBM Q System One,ORG,not an actor,not an actor,not an actor,False,IBM Q System One
78,1,CAN,2022,Canada's National Quantum Strategy,Anyon Systems,ORG,Industry,Start-ups,Technology Provider,False,Anyon Systems
78,1,CAN,2022,Canada's National Quantum Strategy,Government of Ontario,ORG,Government,Policy Makers,Federal Department; Ministry,False,Government of Ontario
78,1,CAN,2022,Canada's National Quantum Strategy,Perimeter Institute for Theoretical Physics,ORG,Academia,Public Research Orgs (PROs),Institute,False,Perimeter Institute for Theoretical Physics
79,1,CAN,2022,Canada's National Quantum Strategy,Government of Alberta,ORG,Government,Policy Makers,Federal Department; Ministry,False,Government of Alberta
79,1,CAN,2022,Canada's National Quantum Strategy,Alberta Technology and Innovation Strategy,ORG,not an actor,not an actor,not an actor; Strategic Document,False,Alberta Technology and Innovation Strategy
79,1,CAN,2022,Canada's National Quantum Strategy,University of Calgary,ORG,Academia,Higher Education Institutions (HEIs),University,False,University of Calgary
79,1,CAN,2022,Canada's National Quantum Strategy,University of Alberta,ORG,Academia,Higher Education Institutions (HEIs),University,False,University of Alberta
79,1,CAN,2022,Canada's National Quantum Strategy,University of Lethbridge,ORG,Academia,Higher Education Institutions (HEIs),University,False,University of Lethbridge
80,1,CAN,2022,Canada's National Quantum Strategy,Government of British Columbia,ORG,Government,Policy Makers,Federal Department; Ministry,False,Government of British Columbia
81,1,CAN,2022,Canada's National Quantum Strategy,Canadian Institute for Advanced Research  CIFAR,ORG,,,,True,Canadian Institute for Advanced Research CIFAR
81,1,CAN,2022,Canada's National Quantum Strategy,NSERC-UK Research and Innovation,ORG,Government,Funding Agencies,International Partnership,True,UK Research and Innovation (UKRI)
81,1,CAN,2022,Canada's National Quantum Strategy,UKRI,ORG,Government,Funding Agencies,International Partnership,False,UKRI
81,1,CAN,2022,Canada's National Quantum Strategy,Quantum Technologies Competition,ORG,not an actor,not an actor,Program,False,Quantum Technologies Competition
81,1,CAN,2022,Canada's National Quantum Strategy,U.S. National Science Foundation,ORG,Government,Funding Agencies,International Partnership,False,U.S. National Science Foundation
81,1,CAN,2022,Canada's National Quantum Strategy,European Commission,ORG,Government,Funding Agencies,International Partnership,False,European Commission
81,1,CAN,2022,Canada's National Quantum Strategy,Horizon Europe,ORG,not an actor,not an actor,EU; Program; not an actor,False,Horizon Europe
82,1,CAN,2022,Canada's National Quantum Strategy,National Security Guidelines for Research Partnerships,ORG,not an actor,not an actor,not an actor,False,National Security Guidelines for Research Partnerships
82,1,CAN,2022,Canada's National Quantum Strategy,National Security Review of Investments,ORG,not an actor,not an actor,not an actor,False,National Security Review of Investments
85,1,CAN,2022,Canada's National Quantum Strategy,GAC’s Trade Commissioner Service,ORG,Government,Governent Support Service,Federal Agency,False,GAC’s Trade Commissioner Service
85,1,CAN,2022,Canada's National Quantum Strategy,TCS,ORG,Government,Government Support Services,Federal Agency,False,TCS
85,1,CAN,2022,Canada's National Quantum Strategy,Invest,ORG,Government,Government Support Services,Federal Agency,True,Invest in Canada
87,1,CAN,2022,Canada's National Quantum Strategy,RESEARCH PILLAR,ORG,not specified,not specified,not specified,False,RESEARCH PILLAR
94,1,CAN,2022,Canada's National Quantum Strategy,Enhances Canada,ORG,not an actor,not an actor,not specified,False,Enhances Canada
94,1,CAN,2022,Canada's National Quantum Strategy,Canada Excellence Research Chairs Program,ORG,not an actor,not an actor,Program; not an actor,False,Canada Excellence Research Chairs Program
94,1,CAN,2022,Canada's National Quantum Strategy,CERC,ORG,not an actor,not an actor,Program; not an actor,False,CERC
95,1,CAN,2022,Canada's National Quantum Strategy,New Frontiers in Research Fund,ORG,not an actor,not an actor,Fund; not an actor,False,New Frontiers in Research Fund
95,1,CAN,2022,Canada's National Quantum Strategy,NFRF,ORG,not an actor,not an actor,Fund; not an actor,False,NFRF
98,1,CAN,2022,Canada's National Quantum Strategy,NSERC-National Science Foundation,ORG,Government,Funding Agencies,International Partnership,True,National Science Foundation
99,1,CAN,2022,Canada's National Quantum Strategy,NSF,ORG,Government,Funding Agencies,International Partnership,False,NSF
100,1,CAN,2022,Canada's National Quantum Strategy,CIIP,ORG,not an actor,not an actor,Program,False,CIIP
100,1,CAN,2022,Canada's National Quantum Strategy,Innovation for Defence Excellence and Security,ORG,not an actor,not an actor,Program; not an actor,False,Innovation for Defence Excellence and Security
100,1,CAN,2022,Canada's National Quantum Strategy,Defence Research and Development Canada,ORG,Government,Federal Research Organization,Federal Research Agency,False,Defence Research and Development Canada
100,1,CAN,2022,Canada's National Quantum Strategy,DRDC,ORG,Government,Federal Research Organization,Federal Research Agency,False,DRDC
102,1,CAN,2022,Canada's National Quantum Strategy,Innovation Fund – Canada Foundation for Innovation,ORG,Government,Funding Agencies,Funding,True,Canada Foundation for Innovation
103,1,CAN,2022,Canada's National Quantum Strategy,John R. Evans Leaders Fund,ORG,not an actor,not an actor,Fund,False,John R. Evans Leaders Fund
106,1,CAN,2022,Canada's National Quantum Strategy,TALENT PILLAR,ORG,not specified,not specified,not specified,False,TALENT PILLAR
110,1,CAN,2022,Canada's National Quantum Strategy,Canadian Experience Class,ORG,not an actor,not an actor,Program; not an actor,False,Canadian Experience Class
120,1,CAN,2022,Canada's National Quantum Strategy,PTs,ORG,Government,Policy Makers,Federal Department,False,PTs
121,1,CAN,2022,Canada's National Quantum Strategy,Global Talent Stream – Employment and Social Development Canada,ORG,Government,Policy Makers,Federal Department,True,Employment and Social Development Canada
121,1,CAN,2022,Canada's National Quantum Strategy,ESDC,ORG,Government,Policy Makers,Federal Department,False,ESDC
125,1,CAN,2022,Canada's National Quantum Strategy,Public Service Commission of Canada,ORG,Government,Government Support Services,Federal Agency,False,Public Service Commission of Canada
134,1,CAN,2022,Canada's National Quantum Strategy,Prairies Economic Development Canada,ORG,Government,Funding Agencies,Federal Agency,False,Prairies Economic Development Canada
135,1,CAN,2022,Canada's National Quantum Strategy,Pacific Economic Development Canada,ORG,Government,Funding Agencies,Federal Agency,False,Pacific Economic Development Canada
137,1,CAN,2022,Canada's National Quantum Strategy,ITB,ORG,not an actor,not an actor,Policy Framework; not an actor,False,ITB
137,1,CAN,2022,Canada's National Quantum Strategy,ITB Policy,ORG,not an actor,not an actor,Policy Framework; not an actor,False,ITB Policy
137,1,CAN,2022,Canada's National Quantum Strategy,Canadian Coast Guard,ORG,Government,Government Support Services,Federal Agency,False,Canadian Coast Guard
137,1,CAN,2022,Canada's National Quantum Strategy,Canada Trade Commissioner Service – Global Affairs Canada,ORG,Government,Policy Makers,Federal Department; Ministry,True,Global Affairs Canada
137,1,CAN,2022,Canada's National Quantum Strategy,Trade Commissioner Service,ORG,Government,Government Support Services,Federal Agency,False,Trade Commissioner Service
137,1,CAN,2022,Canada's National Quantum Strategy,RegionalBusiness Network,ORG,not an actor,not an actor,not an actor,False,RegionalBusiness Network
142,1,CAN,2022,Canada's National Quantum Strategy,Space Technology Development Program,ORG,not an actor,not an actor,Program; not an actor,False,Space Technology Development Program
142,1,CAN,2022,Canada's National Quantum Strategy,STDP,ORG,not an actor,not an actor,Program; not an actor,False,STDP
142,1,CAN,2022,Canada's National Quantum Strategy,CSA,ORG,Government,Policy Makers,Space Agency,False,CSA
143,1,CAN,2022,Canada's National Quantum Strategy,"Innovation, Science and Economic Development Canada",ORG,Government,Policy Makers,Federal Department; Ministry,False,"Innovation, Science and Economic Development Canada"
147,1,CAN,2022,Canada's National Quantum Strategy,Deep Tech Venture Fund – Business Development Bank of Canada,ORG,Government,Bank,Corporate VC; Funding,True,Business Development Bank of Canada
1,2,GER,2023,Quantum Technologies Conceptual Framework Programme,Federal Government Nonlinear,ORG,Government,Policy Makers,Federal Department; Ministry,True,Federal Government
2,2,GER,2023,Quantum Technologies Conceptual Framework Programme,WMI,ORG,Academia,Public Research Orgs (PROs),Institute,False,WMI
2,2,GER,2023,Quantum Technologies Conceptual Framework Programme,Janine Gückelhorn,PER,not specified,not specified,not specified,False,Janine Gückelhorn
2,2,GER,2023,Quantum Technologies Conceptual Framework Programme,Federal Government,ORG,not specified,not specified,not specified,False,Federal Government
9,2,GER,2023,Quantum Technologies Conceptual Framework Programme,EU,ORG,Government,Policy Makers,Political Union; Supranational Organization,False,EU
11,2,GER,2023,Quantum Technologies Conceptual Framework Programme,BMBF,ORG,Government,Policy Makers,Federal Department; Ministry,False,BMBF
11,2,GER,2023,Quantum Technologies Conceptual Framework Programme,BMF,ORG,Government,Policy Makers,Federal Department; Ministry,False,BMF
11,2,GER,2023,Quantum Technologies Conceptual Framework Programme,BMI,ORG,Government,Policy Makers,Federal Department; Ministry,False,BMI
11,2,GER,2023,Quantum Technologies Conceptual Framework Programme,BMWK,ORG,Government,Policy Makers,Federal Department; Ministry,False,BMWK
26,2,GER,2023,Quantum Technologies Conceptual Framework Programme,Federal Government’s ‘Future Strategy for Research and Innovation’,ORG,not an actor,not an actor,Strategic Document; not an actor,False,Federal Government’s ‘Future Strategy for Research and Innovation’
28,2,GER,2023,Quantum Technologies Conceptual Framework Programme,Google,ORG,Industry,Private Firms (Corporates),MNE; Technology Provider,False,Google
28,2,GER,2023,Quantum Technologies Conceptual Framework Programme,IBM,ORG,Industry,Private Firms (Corporates),MNE; Technology Provider,False,IBM
28,2,GER,2023,Quantum Technologies Conceptual Framework Programme,USA,ORG,not an actor,not an actor,country; not an actor,False,USA
28,2,GER,2023,Quantum Technologies Conceptual Framework Programme,NIST,ORG,Government,Federal Agency,Federal Agency; International Standard Body; US,False,NIST
28,2,GER,2023,Quantum Technologies Conceptual Framework Programme,NASA,ORG,Government,Federal Agency,Federal Agency; Regulatory Authority; US,False,NASA
28,2,GER,2023,Quantum Technologies Conceptual Framework Programme,DARPA,ORG,Government,Funding Agencies,Funding; US,False,DARPA
28,2,GER,2023,Quantum Technologies Conceptual Framework Programme,European Union,ORG,Government,Policy Makers,Political Union; Supranational Organization,False,European Union
28,2,GER,2023,Quantum Technologies Conceptual Framework Programme,Federal Government’s Future Package,ORG,not an actor,not an actor,not an actor,False,Federal Government’s Future Package
54,2,GER,2023,Quantum Technologies Conceptual Framework Programme,Expert Commission on Research and Innovation17,ORG,Government,Policy Makers,Advisory Service; Commission,False,Expert Commission on Research and Innovation17
60,2,GER,2023,Quantum Technologies Conceptual Framework Programme,German Aerospace Centre,ORG,Academia,Public Research Orgs (PROs),National Research Center; Space Agency,False,German Aerospace Centre
60,2,GER,2023,Quantum Technologies Conceptual Framework Programme,DLR,ORG,Academia,Public Research Orgs (PROs),National Research Center; Space Agency,False,DLR
61,2,GER,2023,Quantum Technologies Conceptual Framework Programme,DeepTech & Climate Fonds,ORG,Industry,Venture Capital / Investors,Corporate VC; Fund; Investment; VC,False,DeepTech & Climate Fonds
61,2,GER,2023,Quantum Technologies Conceptual Framework Programme,DTCF,ORG,Industry,Venture Capital / Investors,Corporate VC,False,DTCF
61,2,GER,2023,Quantum Technologies Conceptual Framework Programme,HTGF,ORG,Industry,Venture Capital / Investors,Fund; Investment; Public-Private Partnership Fund; VC,False,HTGF
61,2,GER,2023,Quantum Technologies Conceptual Framework Programme,theDTCF,ORG,,,,True,DTCF
68,2,GER,2023,Quantum Technologies Conceptual Framework Programme,FederalGovernment,ORG,not specified,not specified,not specified,False,FederalGovernment
71,2,GER,2023,Quantum Technologies Conceptual Framework Programme,European Earth,ORG,not an actor,not an actor,Mission; Program; not an actor,True,European Earth observation mission
73,2,GER,2023,Quantum Technologies Conceptual Framework Programme,Bundeswehr,ORG,Government,Policy Makers,Armed Forces; Federal Agency; Federal Department; Military,False,Bundeswehr
73,2,GER,2023,Quantum Technologies Conceptual Framework Programme,Federal Armed Forces,ORG,Government,Policy Makers,Armed Forces; Federal Agency; Military; Ministry,False,Federal Armed Forces
86,2,GER,2023,Quantum Technologies Conceptual Framework Programme,CEN-CENELEC Quantum Technology Focus Group,ORG,Civil Society,Intermediaries,Standardization; Technical Committee,False,CEN-CENELEC Quantum Technology Focus Group
86,2,GER,2023,Quantum Technologies Conceptual Framework Programme,CEN-CENELEC,ORG,Civil Society,Intermediaries,EU; Standardization,False,CEN-CENELEC
86,2,GER,2023,Quantum Technologies Conceptual Framework Programme,DIN,ORG,Civil Society,Intermediaries,Standardization,False,DIN
88,2,GER,2023,Quantum Technologies Conceptual Framework Programme,Q.ANT,ORG,Industry,Start-ups,Corporate Spin-Off; Subsidiary,False,Q.ANT
96,2,GER,2023,Quantum Technologies Conceptual Framework Programme,"Federal Government,quantum",ORG,not specified,not specified,not specified,False,"Federal Government,quantum"
96,2,GER,2023,Quantum Technologies Conceptual Framework Programme,Gauss Centre for Supercomputing,ORG,Academia,Public Research Orgs (PROs),Institute; National Lab; Scientific infrastructure provider,False,Gauss Centre for Supercomputing
102,2,GER,2023,Quantum Technologies Conceptual Framework Programme,High-Tech Gründerfonds,ORG,,,,False,High-Tech Gründerfonds
102,2,GER,2023,Quantum Technologies Conceptual Framework Programme,Federal Agency for Disruptive Innovation SPRIN-D,ORG,Government,Funding Agencies,Federal Agency; Funding,False,Federal Agency for Disruptive Innovation SPRIN-D
108,2,GER,2023,Quantum Technologies Conceptual Framework Programme,Federal Government The Federal Government,ORG,not specified,not specified,not specified,False,Federal Government The Federal Government
109,2,GER,2023,Quantum Technologies Conceptual Framework Programme,Max Planck Institute of Quantum Optics,ORG,Academia,Public Research Orgs (PROs),Institute,False,Max Planck Institute of Quantum Optics
110,2,GER,2023,Quantum Technologies Conceptual Framework Programme,Horizon Europe,ORG,not an actor,not an actor,Funding; Program; not an actor,False,Horizon Europe
110,2,GER,2023,Quantum Technologies Conceptual Framework Programme,Digital Europe,ORG,not an actor,not an actor,EU; Funding; Program; not an actor,False,Digital Europe
110,2,GER,2023,Quantum Technologies Conceptual Framework Programme,QuantERA,ORG,not an actor,not an actor,Funding; Program; not an actor,False,QuantERA
110,2,GER,2023,Quantum Technologies Conceptual Framework Programme,EU Commission,ORG,Government,Policy Makers,EU; Supranational Organization,False,EU Commission
110,2,GER,2023,Quantum Technologies Conceptual Framework Programme,ESA,ORG,Government,Federal Agency,Europe; Federal Agency; Regulatory Authority; Space Agency,False,ESA
110,2,GER,2023,Quantum Technologies Conceptual Framework Programme,EuroQCI,ORG,not an actor,not an actor,Infrastructure Initiative; not an actor,False,EuroQCI
134,2,GER,2023,Quantum Technologies Conceptual Framework Programme,Annex,ORG,not specified,not specified,not specified,False,Annex
135,2,GER,2023,Quantum Technologies Conceptual Framework Programme,Federal Government68 The Future Strategy for Research and Innovation,ORG,not an actor,not an actor,Strategic Document; not an actor,True,The Future Strategy for Research and Innovation
136,2,GER,2023,Quantum Technologies Conceptual Framework Programme,Cyber Security Strategy,ORG,not an actor,not an actor,Strategic Document; not an actor,False,Cyber Security Strategy
136,2,GER,2023,Quantum Technologies Conceptual Framework Programme,Cyber Security Strategy for Germany,ORG,not an actor,not an actor,Strategic Document; not an actor,False,Cyber Security Strategy for Germany
136,2,GER,2023,Quantum Technologies Conceptual Framework Programme,Federal States,ORG,not specified,not specified,not specified,False,Federal States
136,2,GER,2023,Quantum Technologies Conceptual Framework Programme,European Cybersecurity Strategy,ORG,not an actor,not an actor,EU; Strategic Document; not an actor,False,European Cybersecurity Strategy
136,2,GER,2023,Quantum Technologies Conceptual Framework Programme,Cybersecurity Strategy for Germany,ORG,not an actor,not an actor,Strategic Document; not an actor,False,Cybersecurity Strategy for Germany
136,2,GER,2023,Quantum Technologies Conceptual Framework Programme,Space Agency,ORG,Academia,Public Research Orgs (PROs),National Research Center; Space Agency,False,Space Agency
136,2,GER,2023,Quantum Technologies Conceptual Framework Programme,National Programme for Space and Innovation,ORG,not an actor,not an actor,Program; Strategic Document; not an actor,False,National Programme for Space and Innovation
136,2,GER,2023,Quantum Technologies Conceptual Framework Programme,Ecosystem for Quantum assisted Artificial Intelligence,ORG,Civil Society,Intermediaries,Alliance; Innovation Hub; Innovation platform,True,PlanQK – Platform and Ecosystem for Quantum assisted Artificial Intelligence
136,2,GER,2023,Quantum Technologies Conceptual Framework Programme,Agentur für Innovation in der Cybersicherheit GmbH,ORG,Government,Federal Agency,Federal Agency; Funding,False,Agentur für Innovation in der Cybersicherheit GmbH
136,2,GER,2023,Quantum Technologies Conceptual Framework Programme,Bundesamt für Sicherheit in der Informationstechnik,ORG,Government,Regulatory Agency,Federal Agency; Regulatory Authority; Standardization,False,Bundesamt für Sicherheit in der Informationstechnik
136,2,GER,2023,Quantum Technologies Conceptual Framework Programme,Federal Office for Information  Security,ORG,Government,Regulatory Agency,Federal Agency; Regulatory Authority; Standardization,False,Federal Office for Information  Security
136,2,GER,2023,Quantum Technologies Conceptual Framework Programme,BSI,ORG,Government,Regulatory Agency,Federal Agency; Regulatory Authority; Standardization,False,BSI
136,2,GER,2023,Quantum Technologies Conceptual Framework Programme,ISO,ORG,Civil Society,Intermediaries,International Standard Body; Standardization,False,ISO
136,2,GER,2023,Quantum Technologies Conceptual Framework Programme,IEC,ORG,Civil Society,Intermediaries,International Standard Body; Standardization,False,IEC
136,2,GER,2023,Quantum Technologies Conceptual Framework Programme,NISQ,ORG,not an actor,not an actor,Technical Term; not an actor,False,NISQ
136,2,GER,2023,Quantum Technologies Conceptual Framework Programme,Thunderbird,ORG,not an actor,not an actor,Application; not an actor,False,Thunderbird
136,2,GER,2023,Quantum Technologies Conceptual Framework Programme,OpenPGP,ORG,not an actor,not an actor,Standard; Technical Protocol; not an actor,False,OpenPGP
136,2,GER,2023,Quantum Technologies Conceptual Framework Programme,Internet Engineering Task Force,ORG,Civil Society,Intermediaries,International Standard Body; Standardization,False,Internet Engineering Task Force
136,2,GER,2023,Quantum Technologies Conceptual Framework Programme,IETF,ORG,Civil Society,Intermediaries,International Standard Body; Standardization,False,IETF
136,2,GER,2023,Quantum Technologies Conceptual Framework Programme,European Telecommunications Standards Institute,ORG,Civil Society,Intermediaries,EU; International Standard Body; Standardization,False,European Telecommunications Standards Institute
136,2,GER,2023,Quantum Technologies Conceptual Framework Programme,ETSI,ORG,Civil Society,Intermediaries,EU; International Standard Body; Standardization,False,ETSI
136,2,GER,2023,Quantum Technologies Conceptual Framework Programme,Physikalisch-Technische Bundesanstalt,ORG,Academia,Public Research Orgs (PROs),Institute; National Metrology Institute; National Research Center,False,Physikalisch-Technische Bundesanstalt
136,2,GER,2023,Quantum Technologies Conceptual Framework Programme,National Metrology Institute of Germany,ORG,Academia,Public Research Orgs (PROs),Institute; National Metrology Institute; National Research Center,False,National Metrology Institute of Germany
136,2,GER,2023,Quantum Technologies Conceptual Framework Programme,PTB,ORG,Academia,Public Research Orgs (PROs),Institute; National Metrology Institute; National Research Center,False,PTB
136,2,GER,2023,Quantum Technologies Conceptual Framework Programme,Schirmprojekt Quantenkommunikation Deutschland,ORG,not an actor,not an actor,Project; not an actor,False,Schirmprojekt Quantenkommunikation Deutschland
136,2,GER,2023,Quantum Technologies Conceptual Framework Programme,Quantum Communication Germany,ORG,not an actor,not an actor,Project; not an actor,False,Quantum Communication Germany
136,2,GER,2023,Quantum Technologies Conceptual Framework Programme,Bundesdruckerei GmbH Bundesdruckerei GmbH,ORG,Industry,State-Owned Enterprises (SOEs),Security Technology Provider; Technology Provider,False,Bundesdruckerei GmbH Bundesdruckerei GmbH
136,2,GER,2023,Quantum Technologies Conceptual Framework Programme,Maurer Electronics GmbH,ORG,Industry,State-Owned Enterprises (SOEs),Hardware Manufacturer; Technology Provider,False,Maurer Electronics GmbH
136,2,GER,2023,Quantum Technologies Conceptual Framework Programme,Bundesdruckerei Group,ORG,Industry,State-Owned Enterprises (SOEs),Holding Company; Technology Group; Technology Provider,False,Bundesdruckerei Group
136,2,GER,2023,Quantum Technologies Conceptual Framework Programme,Bundesdruckerei GmbH,ORG,Industry,State-Owned Enterprises (SOEs),Security Technology Provider; Technology Provider,False,Bundesdruckerei GmbH
136,2,GER,2023,Quantum Technologies Conceptual Framework Programme,Bundesdruckerei,ORG,Industry,State-Owned Enterprises (SOEs),Security Technology Provider; Technology Provider,False,Bundesdruckerei
136,2,GER,2023,Quantum Technologies Conceptual Framework Programme,Federal Administration,ORG,not specified,not specified,not specified,False,Federal Administration
136,2,GER,2023,Quantum Technologies Conceptual Framework Programme,Federal Ministry of Finance,ORG,Government,Policy Makers,Federal Department; Ministry,False,Federal Ministry of Finance
139,2,GER,2023,Quantum Technologies Conceptual Framework Programme,Federal Data Atlas,ORG,not an actor,not an actor,Data Repository; not an actor,False,Federal Data Atlas
139,2,GER,2023,Quantum Technologies Conceptual Framework Programme,Federal AI Competence Centre,ORG,Government,Public Administration,Advisory Service; Competence Center,False,Federal AI Competence Centre
139,2,GER,2023,Quantum Technologies Conceptual Framework Programme,DB Systel,ORG,Industry,State-Owned Enterprises (SOEs),ICT Solutions Provider; Technology Provider,False,DB Systel
139,2,GER,2023,Quantum Technologies Conceptual Framework Programme,Bundesquantenallianz,ORG,Civil Society,Intermediaries,Alliance; Consortium; Coordination Platform; Industry Association,False,Bundesquantenallianz
139,2,GER,2023,Quantum Technologies Conceptual Framework Programme,BQA,ORG,Civil Society,Intermediaries,Alliance; Industry Association; Network,False,BQA
139,2,GER,2023,Quantum Technologies Conceptual Framework Programme,BAM,ORG,Academia,Public Research Orgs (PROs),Federal Research Agency; Institute; Laboratory; National Lab,False,BAM
139,2,GER,2023,Quantum Technologies Conceptual Framework Programme,BWI GmbH BWI GmbH,ORG,Industry,Private Firms (Corporates),SME; Technology Provider,True,BWI GmbH
139,2,GER,2023,Quantum Technologies Conceptual Framework Programme,BWI,ORG,Industry,Private Firms (Corporates),SME; Technology Provider,False,BWI
139,2,GER,2023,Quantum Technologies Conceptual Framework Programme,Deutsche Forschungsgemeinschaft e,ORG,Government,Funding Agencies,Funding; Grant; Research Council,True,Deutsche Forschungsgemeinschaft e.V.
139,2,GER,2023,Quantum Technologies Conceptual Framework Programme,German Research Foundation,ORG,Government,Funding Agencies,Funding; Grant; Research Council,False,German Research Foundation
139,2,GER,2023,Quantum Technologies Conceptual Framework Programme,DFG,ORG,Government,Funding Agencies,Funding; Grant; Research Council,False,DFG
139,2,GER,2023,Quantum Technologies Conceptual Framework Programme,Clusters of Excellence,ORG,not specified,not specified,not specified,False,Clusters of Excellence
139,2,GER,2023,Quantum Technologies Conceptual Framework Programme,European Research Area,ORG,not an actor,not an actor,Research Area; not an actor,False,European Research Area
139,2,GER,2023,Quantum Technologies Conceptual Framework Programme,Research Training Group,ORG,not specified,not specified,not specified,False,Research Training Group
139,2,GER,2023,Quantum Technologies Conceptual Framework Programme,Deutscher Wetterdienst,ORG,Academia,Public Research Orgs (PROs),Federal Research Agency; National Metrology Institute,False,Deutscher Wetterdienst
139,2,GER,2023,Quantum Technologies Conceptual Framework Programme,German Weather Service,ORG,Academia,Public Research Orgs (PROs),Federal Research Agency; National Metrology Institute,False,German Weather Service
140,2,GER,2023,Quantum Technologies Conceptual Framework Programme,DWD,ORG,Academia,Public Research Orgs (PROs),Federal Research Agency; National Metrology Institute,False,DWD
140,2,GER,2023,Quantum Technologies Conceptual Framework Programme,ICON,ORG,,,,,
140,2,GER,2023,Quantum Technologies Conceptual Framework Programme,Max Planck Institut für Meteorology,ORG,,,,,
140,2,GER,2023,Quantum Technologies Conceptual Framework Programme,MPI-M,ORG,,,,,
140,2,GER,2023,Quantum Technologies Conceptual Framework Programme,German Climate Computing Center,ORG,,,,,
140,2,GER,2023,Quantum Technologies Conceptual Framework Programme,DKRZ,ORG,,,,,
140,2,GER,2023,Quantum Technologies Conceptual Framework Programme,Karlsruhe Institute of Technologe,ORG,,,,,
140,2,GER,2023,Quantum Technologies Conceptual Framework Programme,KIT,ORG,,,,,
140,2,GER,2023,Quantum Technologies Conceptual Framework Programme,Cyber Defence and Smart Data Research Institute,ORG,,,,,
140,2,GER,2023,Quantum Technologies Conceptual Framework Programme,FI,ORG,,,,,
140,2,GER,2023,Quantum Technologies Conceptual Framework Programme,University of the Bundeswehr Munich The FI CODE,ORG,,,,,
141,2,GER,2023,Quantum Technologies Conceptual Framework Programme,FI CODE,ORG,,,,,
141,2,GER,2023,Quantum Technologies Conceptual Framework Programme,IBM Q Hub,ORG,,,,,
141,2,GER,2023,Quantum Technologies Conceptual Framework Programme,Fraunhofer Society for the Promotion of Applied Research,ORG,,,,,
141,2,GER,2023,Quantum Technologies Conceptual Framework Programme,FhG,ORG,,,,,
141,2,GER,2023,Quantum Technologies Conceptual Framework Programme,Fraunhofer-Gesellschaft,ORG,,,,,
142,2,GER,2023,Quantum Technologies Conceptual Framework Programme,theFraunhofer-Gesellschaft,ORG,,,,,
146,2,GER,2023,Quantum Technologies Conceptual Framework Programme,Deutschland GmbH,ORG,,,,,
150,2,GER,2023,Quantum Technologies Conceptual Framework Programme,ForschungsfabrikMikroelektronik Deutschland,ORG,,,,,
150,2,GER,2023,Quantum Technologies Conceptual Framework Programme,FMD,ORG,,,,,
151,2,GER,2023,Quantum Technologies Conceptual Framework Programme,Helmholtz-Gemeinschaft Deutscher Forschungszentren e,ORG,,,,,
151,2,GER,2023,Quantum Technologies Conceptual Framework Programme,Helmholtz Association of German Research Centres,ORG,,,,,
151,2,GER,2023,Quantum Technologies Conceptual Framework Programme,HGF,ORG,,,,,
151,2,GER,2023,Quantum Technologies Conceptual Framework Programme,The Helmholtz Centres,ORG,,,,,
151,2,GER,2023,Quantum Technologies Conceptual Framework Programme,Helmholtz Quantum,ORG,,,,,
151,2,GER,2023,Quantum Technologies Conceptual Framework Programme,Helmholtz Association,ORG,,,,,
151,2,GER,2023,Quantum Technologies Conceptual Framework Programme,Helmholtz,ORG,,,,,
157,2,GER,2023,Quantum Technologies Conceptual Framework Programme,DLR Quantum Computing Initiative,ORG,,,,,
157,2,GER,2023,Quantum Technologies Conceptual Framework Programme,Max-Planck-Gesellschaft zur Förderung der Wissenschaften e,ORG,,,,,
157,2,GER,2023,Quantum Technologies Conceptual Framework Programme,Max Planck Society for the Advancement of Science,ORG,,,,,
157,2,GER,2023,Quantum Technologies Conceptual Framework Programme,Max Planck Society,ORG,,,,,
157,2,GER,2023,Quantum Technologies Conceptual Framework Programme,MPG,ORG,,,,,
157,2,GER,2023,Quantum Technologies Conceptual Framework Programme,Max Planck Institute,ORG,,,,,
157,2,GER,2023,Quantum Technologies Conceptual Framework Programme,MPI,ORG,,,,,
157,2,GER,2023,Quantum Technologies Conceptual Framework Programme,Quantum Optics,ORG,,,,,
157,2,GER,2023,Quantum Technologies Conceptual Framework Programme,MPI for Gravitational Physics,ORG,,,,,
157,2,GER,2023,Quantum Technologies Conceptual Framework Programme,Physics of Light,ORG,,,,,
157,2,GER,2023,Quantum Technologies Conceptual Framework Programme,Max Planck Institutes for Solid State Research in Stuttgart,ORG,,,,,
157,2,GER,2023,Quantum Technologies Conceptual Framework Programme,Multidisciplinary Natural Sciences,ORG,,,,,
157,2,GER,2023,Quantum Technologies Conceptual Framework Programme,Structure and Dynamics of Matter,ORG,,,,,
157,2,GER,2023,Quantum Technologies Conceptual Framework Programme,Fritz Haber Institute,ORG,,,,,
157,2,GER,2023,Quantum Technologies Conceptual Framework Programme,QST,ORG,,,,,
159,2,GER,2023,Quantum Technologies Conceptual Framework Programme,Garching,ORG,,,,,
164,2,GER,2023,Quantum Technologies Conceptual Framework Programme,Max Planck Quantum Alliance,ORG,,,,,
164,2,GER,2023,Quantum Technologies Conceptual Framework Programme,MPQA,ORG,,,,,
164,2,GER,2023,Quantum Technologies Conceptual Framework Programme,MQV,ORG,,,,,
164,2,GER,2023,Quantum Technologies Conceptual Framework Programme,Bavarian Academy of Sciences and Humanities,ORG,,,,,
164,2,GER,2023,Quantum Technologies Conceptual Framework Programme,BAdW,ORG,,,,,
164,2,GER,2023,Quantum Technologies Conceptual Framework Programme,Ludwig- Maximilians-Universität München,ORG,,,,,
164,2,GER,2023,Quantum Technologies Conceptual Framework Programme,LMU,ORG,,,,,
164,2,GER,2023,Quantum Technologies Conceptual Framework Programme,Tech-nische Universität München,ORG,,,,,
164,2,GER,2023,Quantum Technologies Conceptual Framework Programme,TUM,ORG,,,,,
164,2,GER,2023,Quantum Technologies Conceptual Framework Programme,Friedrich- Alexander-Universität Erlangen-Nürnberg,ORG,,,,,
164,2,GER,2023,Quantum Technologies Conceptual Framework Programme,FAU,ORG,,,,,
164,2,GER,2023,Quantum Technologies Conceptual Framework Programme,Fraunhofer Gesellschaft,ORG,,,,,
164,2,GER,2023,Quantum Technologies Conceptual Framework Programme,German Aerospace Center,ORG,,,,,
164,2,GER,2023,Quantum Technologies Conceptual Framework Programme,MQV Association,ORG,,,,,
164,2,GER,2023,Quantum Technologies Conceptual Framework Programme,Free State of Bavaria,ORG,,,,,
164,2,GER,2023,Quantum Technologies Conceptual Framework Programme,Federal Ministry of Education and Research,ORG,,,,,
164,2,GER,2023,Quantum Technologies Conceptual Framework Programme,Quantum Technologies Stimulus Package,ORG,,,,,
164,2,GER,2023,Quantum Technologies Conceptual Framework Programme,Federal Ministry for Economic Affairs and Climate Action,ORG,,,,,
164,2,GER,2023,Quantum Technologies Conceptual Framework Programme,Centre for Quantum Computing and Quantum Technol-ogies,ORG,,,,,
164,2,GER,2023,Quantum Technologies Conceptual Framework Programme,ZQQ,ORG,,,,,
164,2,GER,2023,Quantum Technologies Conceptual Framework Programme,Airbus,ORG,,,,,
164,2,GER,2023,Quantum Technologies Conceptual Framework Programme,BMW,ORG,,,,,
164,2,GER,2023,Quantum Technologies Conceptual Framework Programme,Fujitsu,ORG,,,,,
164,2,GER,2023,Quantum Technologies Conceptual Framework Programme,Huawei,ORG,,,,,
164,2,GER,2023,Quantum Technologies Conceptual Framework Programme,Infineon,ORG,,,,,
164,2,GER,2023,Quantum Technologies Conceptual Framework Programme,Menlo Systems,ORG,,,,,
164,2,GER,2023,Quantum Technologies Conceptual Framework Programme,Microsoft,ORG,,,,,
164,2,GER,2023,Quantum Technologies Conceptual Framework Programme,OHB,ORG,,,,,
164,2,GER,2023,Quantum Technologies Conceptual Framework Programme,Rohde&Schwarz,ORG,,,,,
164,2,GER,2023,Quantum Technologies Conceptual Framework Programme,Siemens,ORG,,,,,
164,2,GER,2023,Quantum Technologies Conceptual Framework Programme,Toptica Photonics,ORG,,,,,
164,2,GER,2023,Quantum Technologies Conceptual Framework Programme,Volkswagen,ORG,,,,,
164,2,GER,2023,Quantum Technologies Conceptual Framework Programme,Federal Institute of Metrology,ORG,,,,,
164,2,GER,2023,Quantum Technologies Conceptual Framework Programme,QT,ORG,,,,,
164,2,GER,2023,Quantum Technologies Conceptual Framework Programme,Quantum Technology Competence Centre,ORG,,,,,
164,2,GER,2023,Quantum Technologies Conceptual Framework Programme,QTZ,ORG,,,,,
164,2,GER,2023,Quantum Technologies Conceptual Framework Programme,QTcomponents,ORG,,,,,
168,2,GER,2023,Quantum Technologies Conceptual Framework Programme,QVLS,ORG,,,,,
170,2,GER,2023,Quantum Technologies Conceptual Framework Programme,Joint Technical Committee,ORG,,,,,
170,2,GER,2023,Quantum Technologies Conceptual Framework Programme,Wissenschaftsgemeinschaft Gottfried Wilhelm Leibniz e. V.,ORG,,,,,
170,2,GER,2023,Quantum Technologies Conceptual Framework Programme,Leibniz Association,ORG,,,,,
170,2,GER,2023,Quantum Technologies Conceptual Framework Programme,Ferdinand Braun Institute,ORG,,,,,
170,2,GER,2023,Quantum Technologies Conceptual Framework Programme,Leibniz Institute for Highest Frequency Technology,ORG,,,,,
170,2,GER,2023,Quantum Technologies Conceptual Framework Programme,FBH,ORG,,,,,
170,2,GER,2023,Quantum Technologies Conceptual Framework Programme,Leibniz Institute for Solid State and Materials Research,ORG,,,,,
170,2,GER,2023,Quantum Technologies Conceptual Framework Programme,IFW,ORG,,,,,
170,2,GER,2023,Quantum Technologies Conceptual Framework Programme,Leibniz Institute for Innovative Microelectronics,ORG,,,,,
170,2,GER,2023,Quantum Technologies Conceptual Framework Programme,IHP,ORG,,,,,
170,2,GER,2023,Quantum Technologies Conceptual Framework Programme,Leibniz Institute for Crystal Growth,ORG,,,,,
170,2,GER,2023,Quantum Technologies Conceptual Framework Programme,IKZ,ORG,,,,,
170,2,GER,2023,Quantum Technologies Conceptual Framework Programme,Leibniz Institute for Surface Modification,ORG,,,,,
170,2,GER,2023,Quantum Technologies Conceptual Framework Programme,IOM,ORG,,,,,
170,2,GER,2023,Quantum Technologies Conceptual Framework Programme,Leibniz Institute for Photonic Technologies,ORG,,,,,
170,2,GER,2023,Quantum Technologies Conceptual Framework Programme,IPHT,ORG,,,,,
170,2,GER,2023,Quantum Technologies Conceptual Framework Programme,Paul Drude Institute for Solid State Electronics,ORG,,,,,
170,2,GER,2023,Quantum Technologies Conceptual Framework Programme,PDI,ORG,,,,,
170,2,GER,2023,Quantum Technologies Conceptual Framework Programme,Weierstrass Institute for Applied Analysis and Stochastics,ORG,,,,,
170,2,GER,2023,Quantum Technologies Conceptual Framework Programme,WIAS,ORG,,,,,
170,2,GER,2023,Quantum Technologies Conceptual Framework Programme,Leibniz Institutes,ORG,,,,,
170,2,GER,2023,Quantum Technologies Conceptual Framework Programme,Leibniz,ORG,,,,,
171,2,GER,2023,Quantum Technologies Conceptual Framework Programme,Research Factory Microelectronics Germany,ORG,,,,,
171,2,GER,2023,Quantum Technologies Conceptual Framework Programme,QSolid,ORG,,,,,
171,2,GER,2023,Quantum Technologies Conceptual Framework Programme,Quantum Computers,ORG,,,,,
171,2,GER,2023,Quantum Technologies Conceptual Framework Programme,Solid State,ORG,,,,,
171,2,GER,2023,Quantum Technologies Conceptual Framework Programme,MU-NIQC-SC,ORG,,,,,
171,2,GER,2023,Quantum Technologies Conceptual Framework Programme,Munich Quantum Valley Quantum Comput-er Demonstrators,ORG,,,,,
171,2,GER,2023,Quantum Technologies Conceptual Framework Programme,BECCAL,ORG,,,,,
171,2,GER,2023,Quantum Technologies Conceptual Framework Programme,Bose-Einstein Condensate,ORG,,,,,
171,2,GER,2023,Quantum Technologies Conceptual Framework Programme,Cold Atom Lab,ORG,,,,,
171,2,GER,2023,Quantum Technologies Conceptual Framework Programme,International Space Station,ORG,,,,,
171,2,GER,2023,Quantum Technologies Conceptual Framework Programme,Zentrum für Digitalisierungs,ORG,,,,,
171,2,GER,2023,Quantum Technologies Conceptual Framework Programme,Technologieforschung der Bundeswehr,ORG,,,,,
171,2,GER,2023,Quantum Technologies Conceptual Framework Programme,Centre for  Digitisation and Technology Research of the  Bundeswehr,ORG,,,,,
171,2,GER,2023,Quantum Technologies Conceptual Framework Programme,German Armed Forces,ORG,,,,,
171,2,GER,2023,Quantum Technologies Conceptual Framework Programme,Fighting the Consequences of Covid,ORG,,,,,
171,2,GER,2023,Quantum Technologies Conceptual Framework Programme,BMVg,ORG,,,,,
171,2,GER,2023,Quantum Technologies Conceptual Framework Programme,University of the Bundeswehr Munich,ORG,,,,,
172,2,GER,2023,Quantum Technologies Conceptual Framework Programme,Galileo A,ORG,,,,,
172,2,GER,2023,Quantum Technologies Conceptual Framework Programme,American GPS,ORG,,,,,
172,2,GER,2023,Quantum Technologies Conceptual Framework Programme,QKD,ORG,,,,,
172,2,GER,2023,Quantum Technologies Conceptual Framework Programme,TRL 5,ORG,,,,,
1,3,UK,2023,National Quantum Strategy,"Department for Science, Innovation and Technology",ORG,,,,,
1,3,UK,2023,National Quantum Strategy,DSIT,ORG,,,,,
2,3,UK,2023,National Quantum Strategy,Rt Hon Michelle Donelan,ORG,,,,,
18,3,UK,2023,National Quantum Strategy,National Science and Technology Council,ORG,,,,,
21,3,UK,2023,National Quantum Strategy,The UK,ORG,,,,,
23,3,UK,2023,National Quantum Strategy,oA,ORG,,,,,
30,3,UK,2023,National Quantum Strategy,"National Quantum Computing Centre,including",ORG,,,,,
36,3,UK,2023,National Quantum Strategy,Quantum Computing Centre,ORG,,,,,
37,3,UK,2023,National Quantum Strategy,International SciencePartnerships Fund,ORG,,,,,
40,3,UK,2023,National Quantum Strategy,Commission,ORG,,,,,
43,3,UK,2023,National Quantum Strategy,National Quantum Computing Centre,ORG,,,,,
47,3,UK,2023,National Quantum Strategy,Office for Quantum,ORG,,,,,
48,3,UK,2023,National Quantum Strategy,National Quantum Technologies Programme,ORG,,,,,
48,3,UK,2023,National Quantum Strategy,Strategic Advisory Board,ORG,,,,,
48,3,UK,2023,National Quantum Strategy,Peter Knight,PER,,,,,
48,3,UK,2023,National Quantum Strategy,Institute of Physics,ORG,,,,,
48,3,UK,2023,National Quantum Strategy,Institution of Engineering and Technology,ORG,,,,,
48,3,UK,2023,National Quantum Strategy,Royal Academy of Engineering,ORG,,,,,
48,3,UK,2023,National Quantum Strategy,UKQuantum,ORG,,,,,
49,3,UK,2023,National Quantum Strategy,Artur Ekert,PER,,,,,
49,3,UK,2023,National Quantum Strategy,National Quantum Technologies Programme  The UK,ORG,,,,,
49,3,UK,2023,National Quantum Strategy,NQTP,ORG,,,,,
49,3,UK,2023,National Quantum Strategy,Quantum Research Hubs,ORG,,,,,
49,3,UK,2023,National Quantum Strategy,theEngineering and Physical Sciences Research Council,ORG,,,,,
49,3,UK,2023,National Quantum Strategy,EPSRC,ORG,,,,,
50,3,UK,2023,National Quantum Strategy,Innovate UK,ORG,,,,,
51,3,UK,2023,National Quantum Strategy,NQCC,ORG,,,,,
51,3,UK,2023,National Quantum Strategy,UKRI,ORG,,,,,
52,3,UK,2023,National Quantum Strategy,Quantum Metrology Institute,ORG,,,,,
52,3,UK,2023,National Quantum Strategy,National Physical Laboratory,ORG,,,,,
52,3,UK,2023,National Quantum Strategy,NPL,ORG,,,,,
52,3,UK,2023,National Quantum Strategy,NQTPin,ORG,,,,,
54,3,UK,2023,National Quantum Strategy,Centres for Doctoral Training,ORG,,,,,
54,3,UK,2023,National Quantum Strategy,CDTs,ORG,,,,,
55,3,UK,2023,National Quantum Strategy,MoD,ORG,,,,,
55,3,UK,2023,National Quantum Strategy,Defence Science and TechnologyLaboratory,ORG,,,,,
55,3,UK,2023,National Quantum Strategy,Dstl,ORG,,,,,
56,3,UK,2023,National Quantum Strategy,STFC,ORG,,,,,
56,3,UK,2023,National Quantum Strategy,Fraunhofer Centre for Applied Photonics,ORG,,,,,
56,3,UK,2023,National Quantum Strategy,Universities of York,ORG,,,,,
57,3,UK,2023,National Quantum Strategy,UK National Quantum Hub in Sensors and Timing and Defence Science and Technology Laboratory,ORG,,,,,
57,3,UK,2023,National Quantum Strategy,RSK,ORG,,,,,
57,3,UK,2023,National Quantum Strategy,Teledyne e2V,ORG,,,,,
57,3,UK,2023,National Quantum Strategy,UK Commercialising Quantum Challenge,ORG,,,,,
61,3,UK,2023,National Quantum Strategy,European Union19,ORG,,,,,
67,3,UK,2023,National Quantum Strategy,Framework,ORG,,,,,
67,3,UK,2023,National Quantum Strategy,National Quantum Strategy,ORG,,,,,
68,3,UK,2023,National Quantum Strategy,Government,ORG,,,,,
68,3,UK,2023,National Quantum Strategy,Thehubs,ORG,,,,,
73,3,UK,2023,National Quantum Strategy,NationalQuantum Computing Centre,ORG,,,,,
80,3,UK,2023,National Quantum Strategy,PNT,ORG,,,,,
83,3,UK,2023,National Quantum Strategy,US National Science and Technology Council,ORG,,,,,
84,3,UK,2023,National Quantum Strategy,Doctoral Training,ORG,,,,,
84,3,UK,2023,National Quantum Strategy,Defence Science and Technology Laboratory,ORG,,,,,
84,3,UK,2023,National Quantum Strategy,26  Fellowships  Quantum,ORG,,,,,
84,3,UK,2023,National Quantum Strategy,Joint EPSRC,ORG,,,,,
84,3,UK,2023,National Quantum Strategy,UKRI Future Leaders Fellowship,ORG,,,,,
84,3,UK,2023,National Quantum Strategy,STFC Ernest Rutherford Fellowships,ORG,,,,,
85,3,UK,2023,National Quantum Strategy,Royal Society,ORG,,,,,
86,3,UK,2023,National Quantum Strategy,Institution of Engineering & Technology,ORG,,,,,
86,3,UK,2023,National Quantum Strategy,IET,ORG,,,,,
86,3,UK,2023,National Quantum Strategy,IoP,ORG,,,,,
87,3,UK,2023,National Quantum Strategy,UK Science and Technology Framework,ORG,,,,,
87,3,UK,2023,National Quantum Strategy,Department for Education,ORG,,,,,
87,3,UK,2023,National Quantum Strategy,PhD,ORG,,,,,
90,3,UK,2023,National Quantum Strategy,Quantum Skills Taskforce,ORG,,,,,
91,3,UK,2023,National Quantum Strategy,STEM Learning,ORG,,,,,
91,3,UK,2023,National Quantum Strategy,QuantumAmbassador,ORG,,,,,
94,3,UK,2023,National Quantum Strategy,Quantum Technologies for Fundamental Physics,ORG,,,,,
94,3,UK,2023,National Quantum Strategy,QTFP,ORG,,,,,
98,3,UK,2023,National Quantum Strategy,OECD,ORG,,,,,
98,3,UK,2023,National Quantum Strategy,Global Technology Forum,ORG,,,,,
98,3,UK,2023,National Quantum Strategy,World Economic Forum,ORG,,,,,
98,3,UK,2023,National Quantum Strategy,G7,ORG,,,,,
98,3,UK,2023,National Quantum Strategy,NATO,ORG,,,,,
98,3,UK,2023,National Quantum Strategy,AUKUS,ORG,,,,,
98,3,UK,2023,National Quantum Strategy,Institute of Electrical and Electronics Engineers Standards Association,ORG,,,,,
98,3,UK,2023,National Quantum Strategy,International Organization for Standardization and International Electrotechnical Commission,ORG,,,,,
98,3,UK,2023,National Quantum Strategy,forthcomingUK International Tech Strategy,ORG,,,,,
101,3,UK,2023,National Quantum Strategy,InternationalScience Partnerships Fund,ORG,,,,,
102,3,UK,2023,National Quantum Strategy,WorldEconomic Forum,ORG,,,,,
104,3,UK,2023,National Quantum Strategy,NIST,ORG,,,,,
105,3,UK,2023,National Quantum Strategy,Quantum Motion,ORG,,,,,
105,3,UK,2023,National Quantum Strategy,Robert Bosch Venture Capital,ORG,,,,,
105,3,UK,2023,National Quantum Strategy,British Patient Capital,ORG,,,,,
106,3,UK,2023,National Quantum Strategy,Institute of Engineering and Technology,ORG,,,,,
106,3,UK,2023,National Quantum Strategy,ISCF,ORG,,,,,
106,3,UK,2023,National Quantum Strategy,Harwell Campus,ORG,,,,,
106,3,UK,2023,National Quantum Strategy,Coherent Scotland,ORG,,,,,
106,3,UK,2023,National Quantum Strategy,M Squared,ORG,,,,,
106,3,UK,2023,National Quantum Strategy,University of Glasgow,ORG,,,,,
106,3,UK,2023,National Quantum Strategy,Li-Fi Centre,ORG,,,,,
106,3,UK,2023,National Quantum Strategy,University of Strathclyde,ORG,,,,,
106,3,UK,2023,National Quantum Strategy,Fraunhofer Centre for Applied Photonics UK,ORG,,,,,
106,3,UK,2023,National Quantum Strategy,Quantum Imaging Hub,ORG,,,,,
106,3,UK,2023,National Quantum Strategy,QuantIC,ORG,,,,,
106,3,UK,2023,National Quantum Strategy,Universities of Edinburgh,ORG,,,,,
106,3,UK,2023,National Quantum Strategy,Strathclyde,ORG,,,,,
106,3,UK,2023,National Quantum Strategy,UK Quantum Technologies Challenge,ORG,,,,,
106,3,UK,2023,National Quantum Strategy,The Directory,ORG,,,,,
107,3,UK,2023,National Quantum Strategy,UKRI Strength in Places Fund,ORG,,,,,
107,3,UK,2023,National Quantum Strategy,Institute for Compound Semiconductors,ORG,,,,,
107,3,UK,2023,National Quantum Strategy,Future CS Manufacturing Hub,ORG,,,,,
107,3,UK,2023,National Quantum Strategy,Cardiff University,ORG,,,,,
107,3,UK,2023,National Quantum Strategy,Centre for Integrated Semiconductor Materials,ORG,,,,,
107,3,UK,2023,National Quantum Strategy,Swansea University,ORG,,,,,
107,3,UK,2023,National Quantum Strategy,The CS Centre,ORG,,,,,
107,3,UK,2023,National Quantum Strategy,The CS Applications Catapult,ORG,,,,,
107,3,UK,2023,National Quantum Strategy,IQE,ORG,,,,,
107,3,UK,2023,National Quantum Strategy,KLA,ORG,,,,,
107,3,UK,2023,National Quantum Strategy,Microchip Technology,ORG,,,,,
107,3,UK,2023,National Quantum Strategy,UK National Quantum Foundry,ORG,,,,,
107,3,UK,2023,National Quantum Strategy,Quantum Computing,ORG,,,,,
114,3,UK,2023,National Quantum Strategy,CAP,ORG,,,,,
114,3,UK,2023,National Quantum Strategy,Glasgow  The Fraunhofer CAP UK,ORG,,,,,
114,3,UK,2023,National Quantum Strategy,Fraunhofer CAP,ORG,,,,,
114,3,UK,2023,National Quantum Strategy,Fraunhofer,ORG,,,,,
115,3,UK,2023,National Quantum Strategy,Government Innovation Hub,ORG,,,,,
115,3,UK,2023,National Quantum Strategy,"EDGE programmes,ICURe",ORG,,,,,
116,3,UK,2023,National Quantum Strategy,Intellectual Property Office,ORG,,,,,
116,3,UK,2023,National Quantum Strategy,IPO,ORG,,,,,
116,3,UK,2023,National Quantum Strategy,IP Service,ORG,,,,,
117,3,UK,2023,National Quantum Strategy,NPLare,ORG,,,,,
118,3,UK,2023,National Quantum Strategy,National Protective Security Agency,ORG,,,,,
118,3,UK,2023,National Quantum Strategy,NPSA,ORG,,,,,
118,3,UK,2023,National Quantum Strategy,CPNI,ORG,,,,,
118,3,UK,2023,National Quantum Strategy,National Cyber Security Centre,ORG,,,,,
118,3,UK,2023,National Quantum Strategy,NCSC,ORG,,,,,
119,3,UK,2023,National Quantum Strategy,DBT,ORG,,,,,
119,3,UK,2023,National Quantum Strategy,DBTalso,ORG,,,,,
122,3,UK,2023,National Quantum Strategy,British Business Bank,ORG,,,,,
122,3,UK,2023,National Quantum Strategy,Bank,ORG,,,,,
122,3,UK,2023,National Quantum Strategy,UK Innovation Strategy,ORG,,,,,
122,3,UK,2023,National Quantum Strategy,BPC,ORG,,,,,
122,3,UK,2023,National Quantum Strategy,Future Fund,ORG,,,,,
122,3,UK,2023,National Quantum Strategy,Oxford Quantum Circuits’,ORG,,,,,
123,3,UK,2023,National Quantum Strategy,National Security Strategic Investment Fund,ORG,,,,,
123,3,UK,2023,National Quantum Strategy,NSSIF,ORG,,,,,
123,3,UK,2023,National Quantum Strategy,British Technology Investments Limited,ORG,,,,,
124,3,UK,2023,National Quantum Strategy,Department forBusiness and Trade,ORG,,,,,
125,3,UK,2023,National Quantum Strategy,PsiQuantum,ORG,,,,,
125,3,UK,2023,National Quantum Strategy,IBM,ORG,,,,,
125,3,UK,2023,National Quantum Strategy,Hartree National Centre for Digital Innovation,ORG,,,,,
125,3,UK,2023,National Quantum Strategy,Department for Business and Trade,ORG,,,,,
126,3,UK,2023,National Quantum Strategy,Quantum Technologies,ORG,,,,,
126,3,UK,2023,National Quantum Strategy,EY,ORG,,,,,
127,3,UK,2023,National Quantum Strategy,Catalyst Fund,ORG,,,,,
129,3,UK,2023,National Quantum Strategy,Future of Compute,ORG,,,,,
130,3,UK,2023,National Quantum Strategy,Quantum Software Laboratory,ORG,,,,,
130,3,UK,2023,National Quantum Strategy,University of Edinburgh,ORG,,,,,
130,3,UK,2023,National Quantum Strategy,Oxford Quantum Circuits,ORG,,,,,
130,3,UK,2023,National Quantum Strategy,OQC,ORG,,,,,
130,3,UK,2023,National Quantum Strategy,SparQ,ORG,,,,,
131,3,UK,2023,National Quantum Strategy,Small Business Research Initiative,ORG,,,,,
131,3,UK,2023,National Quantum Strategy,SBRI,ORG,,,,,
131,3,UK,2023,National Quantum Strategy,MOD,ORG,,,,,
131,3,UK,2023,National Quantum Strategy,MOD Science & Technology Strategy,ORG,,,,,
131,3,UK,2023,National Quantum Strategy,Defence,ORG,,,,,
133,3,UK,2023,National Quantum Strategy,Crick Institute,ORG,,,,,
133,3,UK,2023,National Quantum Strategy,Faraday Institution,ORG,,,,,
144,3,UK,2023,National Quantum Strategy,World Economic Forum Global Future Council,ORG,,,,,
144,3,UK,2023,National Quantum Strategy,WEF Global Future Councils,ORG,,,,,
147,3,UK,2023,National Quantum Strategy,World Trade Organisation,ORG,,,,,
147,3,UK,2023,National Quantum Strategy,G20,ORG,,,,,
147,3,UK,2023,National Quantum Strategy,Council of Europe,ORG,,,,,
147,3,UK,2023,National Quantum Strategy,Commonwealth,ORG,,,,,
147,3,UK,2023,National Quantum Strategy,"UN,including",ORG,,,,,
147,3,UK,2023,National Quantum Strategy,International Telecommunications Union,ORG,,,,,
147,3,UK,2023,National Quantum Strategy,ITU,ORG,,,,,
148,3,UK,2023,National Quantum Strategy,Regulatory Horizons Council,ORG,,,,,
150,3,UK,2023,National Quantum Strategy,NSI,ORG,,,,,
152,3,UK,2023,National Quantum Strategy,Trusted Research,ORG,,,,,
152,3,UK,2023,National Quantum Strategy,Academic Technology Approval Scheme,ORG,,,,,
152,3,UK,2023,National Quantum Strategy,ATAS,ORG,,,,,
152,3,UK,2023,National Quantum Strategy,ACMT,ORG,,,,,
152,3,UK,2023,National Quantum Strategy,National Security and Investment Act,ORG,,,,,
152,3,UK,2023,National Quantum Strategy,NSIA,ORG,,,,,
152,3,UK,2023,National Quantum Strategy,ECJU,ORG,,,,,
152,3,UK,2023,National Quantum Strategy,Wassenaar Arrangement,ORG,,,,,
152,3,UK,2023,National Quantum Strategy,International Organization for Standardization,ORG,,,,,
152,3,UK,2023,National Quantum Strategy,ISO,ORG,,,,,
152,3,UK,2023,National Quantum Strategy,International Electrotechnical Commission,ORG,,,,,
152,3,UK,2023,National Quantum Strategy,IEC,ORG,,,,,
152,3,UK,2023,National Quantum Strategy,International Telecommunication Union,ORG,,,,,
152,3,UK,2023,National Quantum Strategy,Internet Engineering Task Force,ORG,,,,,
152,3,UK,2023,National Quantum Strategy,IETF,ORG,,,,,
152,3,UK,2023,National Quantum Strategy,European Telecommunications Standards Institute,ORG,,,,,
152,3,UK,2023,National Quantum Strategy,ETSI,ORG,,,,,
152,3,UK,2023,National Quantum Strategy,Institute of Electrical and Electronics Engineers,ORG,,,,,
152,3,UK,2023,National Quantum Strategy,IEEE,ORG,,,,,
153,3,UK,2023,National Quantum Strategy,British Standards Institute,ORG,,,,,
153,3,UK,2023,National Quantum Strategy,National PhysicalLaboratory and MOD,ORG,,,,,
154,3,UK,2023,National Quantum Strategy,International Standards Development Organisations,ORG,,,,,
154,3,UK,2023,National Quantum Strategy,SDOs,ORG,,,,,
154,3,UK,2023,National Quantum Strategy,National Institute of Standards and Technology,ORG,,,,,
154,3,UK,2023,National Quantum Strategy,BSI,ORG,,,,,
154,3,UK,2023,National Quantum Strategy,CENELEC,ORG,,,,,
154,3,UK,2023,National Quantum Strategy,CEN,ORG,,,,,
154,3,UK,2023,National Quantum Strategy,CENELEC Focus Group,ORG,,,,,
154,3,UK,2023,National Quantum Strategy,FGQT,ORG,,,,,
155,3,UK,2023,National Quantum Strategy,National Physical Laboratory  The Quantum Metrology Institute,ORG,,,,,
155,3,UK,2023,National Quantum Strategy,QMI,ORG,,,,,
155,3,UK,2023,National Quantum Strategy,Advanced Quantum Metrology Laboratory,ORG,,,,,
155,3,UK,2023,National Quantum Strategy,AQML,ORG,,,,,
155,3,UK,2023,National Quantum Strategy,NPL Teddington,ORG,,,,,
159,3,UK,2023,National Quantum Strategy,theQuantum Strategic Advisory Board,ORG,,,,,
160,3,UK,2023,National Quantum Strategy,theRoyal Academy of Engineering,ORG,,,,,
160,3,UK,2023,National Quantum Strategy,Institute of Engineering and Technology andTechUK,ORG,,,,,
161,3,UK,2023,National Quantum Strategy,UK Research and Innovation,ORG,,,,,
161,3,UK,2023,National Quantum Strategy,National Quantum Research Hubs,ORG,,,,,
161,3,UK,2023,National Quantum Strategy,UK International Tech Strategy,ORG,,,,,
161,3,UK,2023,National Quantum Strategy,International Science Partnerships Fund    Demonstrate UK,ORG,,,,,
161,3,UK,2023,National Quantum Strategy,Government User Group,ORG,,,,,
161,3,UK,2023,National Quantum Strategy,UN,ORG,,,,,
2,4,USA,2018,NATIONAL STRATEGIC  OVERVIEW FOR QUANTUM  INFORMATION SCIENCE,QIS,ORG,,,,,
2,4,USA,2018,NATIONAL STRATEGIC  OVERVIEW FOR QUANTUM  INFORMATION SCIENCE,Trump,ORG,,,,,
2,4,USA,2018,NATIONAL STRATEGIC  OVERVIEW FOR QUANTUM  INFORMATION SCIENCE,National Science and Technology Council,ORG,,,,,
2,4,USA,2018,NATIONAL STRATEGIC  OVERVIEW FOR QUANTUM  INFORMATION SCIENCE,NSTC,ORG,,,,,
2,4,USA,2018,NATIONAL STRATEGIC  OVERVIEW FOR QUANTUM  INFORMATION SCIENCE,Quantum Information Science,ORG,,,,,
2,4,USA,2018,NATIONAL STRATEGIC  OVERVIEW FOR QUANTUM  INFORMATION SCIENCE,SCQIS,ORG,,,,,
2,4,USA,2018,NATIONAL STRATEGIC  OVERVIEW FOR QUANTUM  INFORMATION SCIENCE,Nation,ORG,,,,,
10,4,USA,2018,NATIONAL STRATEGIC  OVERVIEW FOR QUANTUM  INFORMATION SCIENCE,United States’,ORG,,,,,
12,4,USA,2018,NATIONAL STRATEGIC  OVERVIEW FOR QUANTUM  INFORMATION SCIENCE,National Science and Technology Council Subcommittee on Quantum Information Science,ORG,,,,,
20,4,USA,2018,NATIONAL STRATEGIC  OVERVIEW FOR QUANTUM  INFORMATION SCIENCE,U.S. Quantum Consortium,ORG,,,,,
22,4,USA,2018,NATIONAL STRATEGIC  OVERVIEW FOR QUANTUM  INFORMATION SCIENCE,Federal Government,ORG,,,,,
33,4,USA,2018,NATIONAL STRATEGIC  OVERVIEW FOR QUANTUM  INFORMATION SCIENCE,OSTP,ORG,,,,,
35,4,USA,2018,NATIONAL STRATEGIC  OVERVIEW FOR QUANTUM  INFORMATION SCIENCE,Trump Administration,ORG,,,,,
35,4,USA,2018,NATIONAL STRATEGIC  OVERVIEW FOR QUANTUM  INFORMATION SCIENCE,Government,ORG,,,,,
35,4,USA,2018,NATIONAL STRATEGIC  OVERVIEW FOR QUANTUM  INFORMATION SCIENCE,Grand Challenges,ORG,,,,,
35,4,USA,2018,NATIONAL STRATEGIC  OVERVIEW FOR QUANTUM  INFORMATION SCIENCE,NISQ,ORG,,,,,
37,4,USA,2018,NATIONAL STRATEGIC  OVERVIEW FOR QUANTUM  INFORMATION SCIENCE,National Science Foundation,ORG,,,,,
37,4,USA,2018,NATIONAL STRATEGIC  OVERVIEW FOR QUANTUM  INFORMATION SCIENCE,NSF,ORG,,,,,
37,4,USA,2018,NATIONAL STRATEGIC  OVERVIEW FOR QUANTUM  INFORMATION SCIENCE,National Defense Science and Engineering Graduate Fellowship Program,ORG,,,,,
37,4,USA,2018,NATIONAL STRATEGIC  OVERVIEW FOR QUANTUM  INFORMATION SCIENCE,Department of Defense,ORG,,,,,
37,4,USA,2018,NATIONAL STRATEGIC  OVERVIEW FOR QUANTUM  INFORMATION SCIENCE,DOD,ORG,,,,,
37,4,USA,2018,NATIONAL STRATEGIC  OVERVIEW FOR QUANTUM  INFORMATION SCIENCE,Department of Energy,ORG,,,,,
37,4,USA,2018,NATIONAL STRATEGIC  OVERVIEW FOR QUANTUM  INFORMATION SCIENCE,DOE,ORG,,,,,
37,4,USA,2018,NATIONAL STRATEGIC  OVERVIEW FOR QUANTUM  INFORMATION SCIENCE,National Institute of Standards and Technology’s,ORG,,,,,
37,4,USA,2018,NATIONAL STRATEGIC  OVERVIEW FOR QUANTUM  INFORMATION SCIENCE,NIST,ORG,,,,,
37,4,USA,2018,NATIONAL STRATEGIC  OVERVIEW FOR QUANTUM  INFORMATION SCIENCE,Quantum Science and Engineering,ORG,,,,,
37,4,USA,2018,NATIONAL STRATEGIC  OVERVIEW FOR QUANTUM  INFORMATION SCIENCE,STEM,ORG,,,,,
39,4,USA,2018,NATIONAL STRATEGIC  OVERVIEW FOR QUANTUM  INFORMATION SCIENCE,Semiconductor Research Corporation,ORG,,,,,
39,4,USA,2018,NATIONAL STRATEGIC  OVERVIEW FOR QUANTUM  INFORMATION SCIENCE,Council of Advisors on Science and Technology,ORG,,,,,
40,4,USA,2018,NATIONAL STRATEGIC  OVERVIEW FOR QUANTUM  INFORMATION SCIENCE,U.S. Government,ORG,,,,,
42,4,USA,2018,NATIONAL STRATEGIC  OVERVIEW FOR QUANTUM  INFORMATION SCIENCE,U.S.  Quantum Consortium,ORG,,,,,
43,4,USA,2018,NATIONAL STRATEGIC  OVERVIEW FOR QUANTUM  INFORMATION SCIENCE,Oak   Ridge’s Center for Nanophase Materials Science,ORG,,,,,
43,4,USA,2018,NATIONAL STRATEGIC  OVERVIEW FOR QUANTUM  INFORMATION SCIENCE,Microsystems and   Engineering Sciences Application,ORG,,,,,
43,4,USA,2018,NATIONAL STRATEGIC  OVERVIEW FOR QUANTUM  INFORMATION SCIENCE,MESA,ORG,,,,,
43,4,USA,2018,NATIONAL STRATEGIC  OVERVIEW FOR QUANTUM  INFORMATION SCIENCE,Sandia National Laboratories,ORG,,,,,
44,4,USA,2018,NATIONAL STRATEGIC  OVERVIEW FOR QUANTUM  INFORMATION SCIENCE,Federal,ORG,,,,,
45,4,USA,2018,NATIONAL STRATEGIC  OVERVIEW FOR QUANTUM  INFORMATION SCIENCE,EAR,ORG,,,,,
45,4,USA,2018,NATIONAL STRATEGIC  OVERVIEW FOR QUANTUM  INFORMATION SCIENCE,International Traffic in Arms Regulation,ORG,,,,,
45,4,USA,2018,NATIONAL STRATEGIC  OVERVIEW FOR QUANTUM  INFORMATION SCIENCE,ITAR,ORG,,,,,
48,4,USA,2018,NATIONAL STRATEGIC  OVERVIEW FOR QUANTUM  INFORMATION SCIENCE,Agency,ORG,,,,,
48,4,USA,2018,NATIONAL STRATEGIC  OVERVIEW FOR QUANTUM  INFORMATION SCIENCE,David Wineland,PER,,,,,
48,4,USA,2018,NATIONAL STRATEGIC  OVERVIEW FOR QUANTUM  INFORMATION SCIENCE,Department of Agriculture,ORG,,,,,
48,4,USA,2018,NATIONAL STRATEGIC  OVERVIEW FOR QUANTUM  INFORMATION SCIENCE,USDA,ORG,,,,,
48,4,USA,2018,NATIONAL STRATEGIC  OVERVIEW FOR QUANTUM  INFORMATION SCIENCE,National Institutes of Health,ORG,,,,,
48,4,USA,2018,NATIONAL STRATEGIC  OVERVIEW FOR QUANTUM  INFORMATION SCIENCE,NIH,ORG,,,,,
48,4,USA,2018,NATIONAL STRATEGIC  OVERVIEW FOR QUANTUM  INFORMATION SCIENCE,Department of the Interior,ORG,,,,,
48,4,USA,2018,NATIONAL STRATEGIC  OVERVIEW FOR QUANTUM  INFORMATION SCIENCE,DOI,ORG,,,,,
48,4,USA,2018,NATIONAL STRATEGIC  OVERVIEW FOR QUANTUM  INFORMATION SCIENCE,Department of Homeland Security,ORG,,,,,
48,4,USA,2018,NATIONAL STRATEGIC  OVERVIEW FOR QUANTUM  INFORMATION SCIENCE,DHS,ORG,,,,,
48,4,USA,2018,NATIONAL STRATEGIC  OVERVIEW FOR QUANTUM  INFORMATION SCIENCE,Department of State,ORG,,,,,
48,4,USA,2018,NATIONAL STRATEGIC  OVERVIEW FOR QUANTUM  INFORMATION SCIENCE,National Aeronautics and Space Administration,ORG,,,,,
48,4,USA,2018,NATIONAL STRATEGIC  OVERVIEW FOR QUANTUM  INFORMATION SCIENCE,NASA,ORG,,,,,
48,4,USA,2018,NATIONAL STRATEGIC  OVERVIEW FOR QUANTUM  INFORMATION SCIENCE,National Institute of Standards and Technology,ORG,,,,,
48,4,USA,2018,NATIONAL STRATEGIC  OVERVIEW FOR QUANTUM  INFORMATION SCIENCE,National Security Agency,ORG,,,,,
48,4,USA,2018,NATIONAL STRATEGIC  OVERVIEW FOR QUANTUM  INFORMATION SCIENCE,NSA,ORG,,,,,
48,4,USA,2018,NATIONAL STRATEGIC  OVERVIEW FOR QUANTUM  INFORMATION SCIENCE,National Intelligence,ORG,,,,,
48,4,USA,2018,NATIONAL STRATEGIC  OVERVIEW FOR QUANTUM  INFORMATION SCIENCE,ODNI,ORG,,,,,
48,4,USA,2018,NATIONAL STRATEGIC  OVERVIEW FOR QUANTUM  INFORMATION SCIENCE,Office of Management and Budget,ORG,,,,,
48,4,USA,2018,NATIONAL STRATEGIC  OVERVIEW FOR QUANTUM  INFORMATION SCIENCE,OMB,ORG,,,,,
48,4,USA,2018,NATIONAL STRATEGIC  OVERVIEW FOR QUANTUM  INFORMATION SCIENCE,Office of Science and Technology Policy,ORG,,,,,
