Sentence_ID,Doc_ID,Country,Year,Document_Name,entity_name,ner_label,qh_category,qh_sub_category,qh_exact_category,modified_entity_name,finalized_entity_name
4,1,CAN,2022,Canada's National Quantum Strategy,The National Quantum Strategy,ORG,not an actor,not an actor,not an actor,False,The National Quantum Strategy
4,1,CAN,2022,Canada's National Quantum Strategy,NQS,ORG,not an actor,not an actor,not an actor,False,NQS
6,1,CAN,2022,Canada's National Quantum Strategy,Government of Canada,ORG,Government,Policy Makers,Government,False,Government of Canada
25,1,CAN,2022,Canada's National Quantum Strategy,National Research Council of Canada,ORG,Academia,Public Research Orgs (PROs),Research Council,False,National Research Council of Canada
25,1,CAN,2022,Canada's National Quantum Strategy,NRC,ORG,Academia,Public Research Orgs (PROs),Research Council,False,NRC
30,1,CAN,2022,Canada's National Quantum Strategy,D-Wave,ORG,Industry,Private Firms (Corporates),Technology Provider,False,D-Wave
31,1,CAN,2022,Canada's National Quantum Strategy,World Economic Forum,ORG,Civil Society,Intermediaries,Foundation; Network; Think Tank,False,World Economic Forum
32,1,CAN,2022,Canada's National Quantum Strategy,Xanadu,ORG,Industry,Start-ups,Technology Provider,False,Xanadu
32,1,CAN,2022,Canada's National Quantum Strategy,PennyLane,ORG,not an actor,not an actor,not an actor,False,PennyLane
43,1,CAN,2022,Canada's National Quantum Strategy,National Quantum Strategy,ORG,not an actor,not an actor,not an actor,False,National Quantum Strategy
59,1,CAN,2022,Canada's National Quantum Strategy,Commercialization  Stakeholders,ORG,,,,,
76,1,CAN,2022,Canada's National Quantum Strategy,Social Sciences and Humanities Research Council,ORG,Government,Funding Agencies,Funding; Research Council,False,Social Sciences and Humanities Research Council
76,1,CAN,2022,Canada's National Quantum Strategy,SSHRC,ORG,Government,Funding Agencies,Funding; Research Council,False,SSHRC
83,1,CAN,2022,Canada's National Quantum Strategy,Strategic Innovation Fund,ORG,not an actor,not an actor,not an actor,False,Strategic Innovation Fund
83,1,CAN,2022,Canada's National Quantum Strategy,SIF,ORG,not an actor,not an actor,not an actor,False,SIF
83,1,CAN,2022,Canada's National Quantum Strategy,Canada Foundation for Innovation,ORG,Government,Funding Agencies,Funding,False,Canada Foundation for Innovation
83,1,CAN,2022,Canada's National Quantum Strategy,CFI,ORG,Government,Funding Agencies,Funding,False,CFI
102,1,CAN,2022,Canada's National Quantum Strategy,Standards Council of Canada,ORG,Government,Policy Makers,Foundation; Regulatory Authority; Research Council,False,Standards Council of Canada
111,1,CAN,2022,Canada's National Quantum Strategy,Bank of Canada,ORG,Government,Policy Makers,Central Bank; Monetary Authority; Regulatory Authority,False,Bank of Canada
118,1,CAN,2022,Canada's National Quantum Strategy,Innovative Solutions Canada,ORG,not an actor,not an actor,not an actor,False,Innovative Solutions Canada
118,1,CAN,2022,Canada's National Quantum Strategy,ISC,ORG,not an actor,not an actor,not an actor,False,ISC
118,1,CAN,2022,Canada's National Quantum Strategy,Quantum Computing,ORG,not an actor,not an actor,not an actor,False,Quantum Computing
155,1,CAN,2022,Canada's National Quantum Strategy,Communications Security Establishment,ORG,Government,Policy Makers,Federal Security; Intelligence Authority; Regulatory Authority,False,Communications Security Establishment
158,1,CAN,2022,Canada's National Quantum Strategy,Quantum Encryption and Science Satellite,ORG,not an actor,not an actor,not an actor,False,Quantum Encryption and Science Satellite
158,1,CAN,2022,Canada's National Quantum Strategy,QEYSSat,ORG,not an actor,not an actor,not an actor,False,QEYSSat
160,1,CAN,2022,Canada's National Quantum Strategy,Secure Networks Challenge Program,ORG,not an actor,not an actor,not an actor,False,Secure Networks Challenge Program
187,1,CAN,2022,Canada's National Quantum Strategy,Department of National Defence,ORG,Government,Policy Makers,Federal Department; Ministry,False,Department of National Defence
187,1,CAN,2022,Canada's National Quantum Strategy,DND,ORG,Government,Policy Makers,Federal Department; Ministry,False,DND
188,1,CAN,2022,Canada's National Quantum Strategy,Internet of Things,ORG,not an actor,not an actor,not an actor,False,Internet of Things
210,1,CAN,2022,Canada's National Quantum Strategy,IQC,ORG,Academia,Public Research Orgs (PROs),Institute,False,IQC
210,1,CAN,2022,Canada's National Quantum Strategy,University of Waterloo,ORG,Academia,Higher Education Institutions (HEIs),University,False,University of Waterloo
213,1,CAN,2022,Canada's National Quantum Strategy,Perimeter Institute,ORG,Academia,Public Research Orgs (PROs),Institute,False,Perimeter Institute
213,1,CAN,2022,Canada's National Quantum Strategy,Quantum Valley Ideas Lab,ORG,Civil Society,Intermediaries,Hub; Incubator; Innovation Hub,False,Quantum Valley Ideas Lab
215,1,CAN,2022,Canada's National Quantum Strategy,Canada First Research Excellence Fund,ORG,not an actor,not an actor,not an actor,False,Canada First Research Excellence Fund
215,1,CAN,2022,Canada's National Quantum Strategy,CFREF,ORG,not an actor,not an actor,not an actor,False,CFREF
217,1,CAN,2022,Canada's National Quantum Strategy,Canadian Space Agency,ORG,Government,Policy Makers,Space Agency,False,Canadian Space Agency
219,1,CAN,2022,Canada's National Quantum Strategy,Natural Sciences and Engineering Research Council of Canada,ORG,Government,Funding Agencies,Funding; Grant; Research Council,False,Natural Sciences and Engineering Research Council of Canada
219,1,CAN,2022,Canada's National Quantum Strategy,NSERC,ORG,Government,Funding Agencies,Funding; Grant; Research Council,False,NSERC
223,1,CAN,2022,Canada's National Quantum Strategy,MiQro Innovation Collaborative Center,ORG,Civil Society,Intermediaries,Cluster; Collaborative Research Center; Consortium; Hub; Innovation Hub; Network,False,MiQro Innovation Collaborative Center
223,1,CAN,2022,Canada's National Quantum Strategy,C2MI,ORG,Civil Society,Intermediaries,Cluster; Collaborative Research Center; Consortium; Innovation Hub; Network,False,C2MI
223,1,CAN,2022,Canada's National Quantum Strategy,Quantum Algorithms Institute,ORG,Civil Society,Intermediaries,Alliance; Consortium; Hub; Innovation Hub; Network,False,Quantum Algorithms Institute
230,1,CAN,2022,Canada's National Quantum Strategy,NSERC Alliance,ORG,not an actor,not an actor,Grant Program; not an actor,False,NSERC Alliance
237,1,CAN,2022,Canada's National Quantum Strategy,CSE,ORG,Government,Policy Makers,Federal Security; Intelligence Authority; Regulatory Authority,False,CSE
238,1,CAN,2022,Canada's National Quantum Strategy,Quantum Research and Development Initiative,ORG,not an actor,not an actor,not an actor,False,Quantum Research and Development Initiative
238,1,CAN,2022,Canada's National Quantum Strategy,QRDI,ORG,not an actor,not an actor,not an actor,False,QRDI
241,1,CAN,2022,Canada's National Quantum Strategy,IDEaS  Innovation for Defence Excellence and Security,ORG,,,,,
242,1,CAN,2022,Canada's National Quantum Strategy,Canadian Armed Forces,ORG,Government,Policy Makers,Military,False,Canadian Armed Forces
253,1,CAN,2022,Canada's National Quantum Strategy,Université de Sherbrooke,ORG,Academia,Higher Education Institutions (HEIs),University,False,Université de Sherbrooke
254,1,CAN,2022,Canada's National Quantum Strategy,Institute for Quantum Computing,ORG,Academia,Public Research Orgs (PROs),Institute,False,Institute for Quantum Computing
255,1,CAN,2022,Canada's National Quantum Strategy,Institut Quantique,ORG,Academia,Public Research Orgs (PROs),Institute; Think Tank,False,Institut Quantique
255,1,CAN,2022,Canada's National Quantum Strategy,Stewart Blusson Quantum Matter Institute,ORG,Academia,Public Research Orgs (PROs),Institute,False,Stewart Blusson Quantum Matter Institute
257,1,CAN,2022,Canada's National Quantum Strategy,Mitacs,ORG,Civil Society,Intermediaries,Funding; Talent & Skills Organization; funded by the Government,False,Mitacs
275,1,CAN,2022,Canada's National Quantum Strategy,NSERC CREATE,ORG,not an actor,not an actor,Program; not an actor,False,NSERC CREATE
280,1,CAN,2022,Canada's National Quantum Strategy,Mitacs Accelerate International,ORG,not an actor,not an actor,Program; not an actor,False,Mitacs Accelerate International
284,1,CAN,2022,Canada's National Quantum Strategy,Alliance International,ORG,not an actor,not an actor,Program; not an actor,False,Alliance International
285,1,CAN,2022,Canada's National Quantum Strategy,"Immigration, Refugees and Citizenship Canada",ORG,Government,Policy Makers,Federal Department; Ministry,False,"Immigration, Refugees and Citizenship Canada"
285,1,CAN,2022,Canada's National Quantum Strategy,Global Affairs Canada,ORG,Government,Policy Makers,Federal Department; Ministry,False,Global Affairs Canada
285,1,CAN,2022,Canada's National Quantum Strategy,GAC,ORG,Government,Policy Makers,Federal Department; Ministry,False,GAC
287,1,CAN,2022,Canada's National Quantum Strategy,Budget 2022,ORG,not an actor,not an actor,Financial Plan; not an actor,False,Budget 2022
295,1,CAN,2022,Canada's National Quantum Strategy,"Innovation, Science and Economic Development Canada",ORG,Government,Policy Makers,Federal Department; Ministry,False,"Innovation, Science and Economic Development Canada"
295,1,CAN,2022,Canada's National Quantum Strategy,ISED,ORG,Government,Policy Makers,Federal Department; Ministry,False,ISED
298,1,CAN,2022,Canada's National Quantum Strategy,Tri-Agency EDI Action Plan,ORG,not an actor,not an actor,Strategic Document; not an actor,False,Tri-Agency EDI Action Plan
299,1,CAN,2022,Canada's National Quantum Strategy,Alliance,ORG,not an actor,not an actor,Funding; not an actor,False,Alliance
299,1,CAN,2022,Canada's National Quantum Strategy,EDI,ORG,not an actor,not an actor,Strategic Document,False,EDI
301,1,CAN,2022,Canada's National Quantum Strategy,International Summer School for Young Physicists,ORG,not an actor,not an actor,Program; not an actor,False,International Summer School for Young Physicists
302,1,CAN,2022,Canada's National Quantum Strategy,Perimeter,ORG,Academia,Public Research Orgs (PROs),Institute,False,Perimeter
302,1,CAN,2022,Canada's National Quantum Strategy,PSI,ORG,not an actor,not an actor,Program; not an actor,True,PSI Start program
307,1,CAN,2022,Canada's National Quantum Strategy,Statistics Canada,ORG,Government,Policy Makers,Federal Agency,False,Statistics Canada
307,1,CAN,2022,Canada's National Quantum Strategy,Quantum Industry Canada,ORG,Civil Society,Intermediaries,Consortium; Industry Association,False,Quantum Industry Canada
308,1,CAN,2022,Canada's National Quantum Strategy,Creative Destruction Lab,ORG,Civil Society,Intermediaries,Accelerator; Incubator,False,Creative Destruction Lab
315,1,CAN,2022,Canada's National Quantum Strategy,NRC’s Industrial Research Assistance Program,ORG,Government,Funding Agencies,Funding,False,NRC’s Industrial Research Assistance Program
315,1,CAN,2022,Canada's National Quantum Strategy,IRAP,ORG,Government,Funding Agencies,Advisory Service; SME Support,False,IRAP
316,1,CAN,2022,Canada's National Quantum Strategy,Federal Economic Development Agency for Southern Ontario,ORG,Government,Funding Agencies,Federal Agency,False,Federal Economic Development Agency for Southern Ontario
316,1,CAN,2022,Canada's National Quantum Strategy,FedDev Ontario,ORG,Government,Funding Agencies,Funding,False,FedDev Ontario
316,1,CAN,2022,Canada's National Quantum Strategy,Western Economic Diversification,ORG,Government,Funding Agencies,Federal Agency,False,Western Economic Diversification
316,1,CAN,2022,Canada's National Quantum Strategy,WD,ORG,Government,Funding Agencies,Federal Agency,False,WD
316,1,CAN,2022,Canada's National Quantum Strategy,Canada Economic Development for Quebec Regions,ORG,Government,Funding Agencies,Federal Agency,False,Canada Economic Development for Quebec Regions
316,1,CAN,2022,Canada's National Quantum Strategy,CED,ORG,Government,Funding Agencies,Federal Agency,False,CED
317,1,CAN,2022,Canada's National Quantum Strategy,Canadian International Innovation Program,ORG,not an actor,not an actor,Program; not an actor,False,Canadian International Innovation Program
317,1,CAN,2022,Canada's National Quantum Strategy,NRC IRAP,ORG,Government,Funding Agencies,Federal Agency; Funding,False,NRC IRAP
319,1,CAN,2022,Canada's National Quantum Strategy,Business Development Bank of Canada,ORG,Government,Bank,Corporate VC; Funding,False,Business Development Bank of Canada
319,1,CAN,2022,Canada's National Quantum Strategy,BDC,ORG,Government,Bank,Corporate VC; Funding,False,BDC
319,1,CAN,2022,Canada's National Quantum Strategy,Deep Tech Venture Fund,ORG,not an actor,not an actor,Financial Vehicle,False,Deep Tech Venture Fund
319,1,CAN,2022,Canada's National Quantum Strategy,Nord Quantique,ORG,Industry,Start-ups,Technology Provider,False,Nord Quantique
327,1,CAN,2022,Canada's National Quantum Strategy,BDC Deep Tech Venture Fund,ORG,not an actor,not an actor,Financial Vehicle,False,BDC Deep Tech Venture Fund
332,1,CAN,2022,Canada's National Quantum Strategy,Regional Economic Growth through Innovation,ORG,not an actor,not an actor,Program; not an actor,True,Regional Economic Growth through Innovation program
332,1,CAN,2022,Canada's National Quantum Strategy,REGI,ORG,not an actor,not an actor,Program; not an actor,False,REGI
332,1,CAN,2022,Canada's National Quantum Strategy,PrairiesCan,ORG,Government,Funding Agencies,Federal Agency,False,PrairiesCan
332,1,CAN,2022,Canada's National Quantum Strategy,PacifiCan,ORG,Government,Funding Agencies,Federal Agency,False,PacifiCan
335,1,CAN,2022,Canada's National Quantum Strategy,Global Innovation Clusters,ORG,not an actor,not an actor,Program; not an actor,False,Global Innovation Clusters
338,1,CAN,2022,Canada's National Quantum Strategy,Canadian Armed Forces Quantum Science and Technology,ORG,not an actor,not an actor,Strategic Document; not an actor,True,The Department of National Defence and Canadian Armed Forces Quantum Science and Technology (S&T) Strategy
338,1,CAN,2022,Canada's National Quantum Strategy,S&T,ORG,not an actor,not an actor,Strategic Document; not an actor,False,S&T
339,1,CAN,2022,Canada's National Quantum Strategy,S&T Strategy,ORG,not an actor,not an actor,Strategic Document; not an actor,False,S&T Strategy
344,1,CAN,2022,Canada's National Quantum Strategy,Quantum Advisory Council,ORG,Government,Policy Makers,Advisory Service; Council,False,Quantum Advisory Council
345,1,CAN,2022,Canada's National Quantum Strategy,Council,ORG,not specified,not specified,not specified,False,Council
351,1,CAN,2022,Canada's National Quantum Strategy,Quantum Committee,ORG,not an actor,not an actor,not an actor,False,Quantum Committee
352,1,CAN,2022,Canada's National Quantum Strategy,NQS Secretariat,ORG,Government,Policy Makers,Administrative Unit,False,NQS Secretariat
355,1,CAN,2022,Canada's National Quantum Strategy,Government of Quebec,ORG,Government,Policy Makers,Federal Department; Ministry,False,Government of Quebec
355,1,CAN,2022,Canada's National Quantum Strategy,Sherbrooke Quantum Innovation Zone,ORG,Civil Society,Intermediaries,Cluster; Hub; Innovation Hub,False,Sherbrooke Quantum Innovation Zone
356,1,CAN,2022,Canada's National Quantum Strategy,IBM Quantum Hub,ORG,Industry,Private Firms (Corporates),Innovation Hub,False,IBM Quantum Hub
356,1,CAN,2022,Canada's National Quantum Strategy,IBM,ORG,Industry,Private Firms (Corporates),Technology Provider,False,IBM
356,1,CAN,2022,Canada's National Quantum Strategy,IBM Q System One,ORG,not an actor,not an actor,not an actor,False,IBM Q System One
356,1,CAN,2022,Canada's National Quantum Strategy,Anyon Systems,ORG,Industry,Start-ups,Technology Provider,False,Anyon Systems
358,1,CAN,2022,Canada's National Quantum Strategy,Government of Ontario,ORG,Government,Policy Makers,Federal Department; Ministry,False,Government of Ontario
358,1,CAN,2022,Canada's National Quantum Strategy,Perimeter Institute for Theoretical Physics,ORG,Academia,Public Research Orgs (PROs),Institute,False,Perimeter Institute for Theoretical Physics
360,1,CAN,2022,Canada's National Quantum Strategy,Government of Alberta,ORG,Government,Policy Makers,Federal Department; Ministry,False,Government of Alberta
361,1,CAN,2022,Canada's National Quantum Strategy,Alberta Technology and Innovation Strategy,ORG,not an actor,not an actor,not an actor; Strategic Document,False,Alberta Technology and Innovation Strategy
362,1,CAN,2022,Canada's National Quantum Strategy,University of Calgary,ORG,Academia,Higher Education Institutions (HEIs),University,False,University of Calgary
362,1,CAN,2022,Canada's National Quantum Strategy,University of Alberta,ORG,Academia,Higher Education Institutions (HEIs),University,False,University of Alberta
362,1,CAN,2022,Canada's National Quantum Strategy,University of Lethbridge,ORG,Academia,Higher Education Institutions (HEIs),University,False,University of Lethbridge
363,1,CAN,2022,Canada's National Quantum Strategy,Government of British Columbia,ORG,Government,Policy Makers,Federal Department; Ministry,False,Government of British Columbia
369,1,CAN,2022,Canada's National Quantum Strategy,Canadian Institute for Advanced Research  CIFAR,ORG,,,,,
378,1,CAN,2022,Canada's National Quantum Strategy,NSERC-UK Research and Innovation,ORG,Government,Funding Agencies,International Partnership,True,UK Research and Innovation (UKRI)
378,1,CAN,2022,Canada's National Quantum Strategy,UKRI,ORG,Government,Funding Agencies,International Partnership,False,UKRI
378,1,CAN,2022,Canada's National Quantum Strategy,Quantum Technologies Competition,ORG,not an actor,not an actor,Program,False,Quantum Technologies Competition
379,1,CAN,2022,Canada's National Quantum Strategy,U.S. National Science Foundation,ORG,Government,Funding Agencies,International Partnership,False,U.S. National Science Foundation
380,1,CAN,2022,Canada's National Quantum Strategy,European Commission,ORG,Government,Funding Agencies,International Partnership,False,European Commission
380,1,CAN,2022,Canada's National Quantum Strategy,Horizon Europe,ORG,not an actor,not an actor,Program,False,Horizon Europe
390,1,CAN,2022,Canada's National Quantum Strategy,National Security Guidelines for Research Partnerships,ORG,not an actor,not an actor,not an actor,False,National Security Guidelines for Research Partnerships
390,1,CAN,2022,Canada's National Quantum Strategy,National Security Review of Investments,ORG,not an actor,not an actor,not an actor,False,National Security Review of Investments
394,1,CAN,2022,Canada's National Quantum Strategy,TCS,ORG,Government,Government Support Services,Federal Agency,False,TCS
395,1,CAN,2022,Canada's National Quantum Strategy,Invest,ORG,Government,Government Support Services,Federal Agency,True,Invest in Canada
406,1,CAN,2022,Canada's National Quantum Strategy,RESEARCH PILLAR   Research,ORG,,,,,
407,1,CAN,2022,Canada's National Quantum Strategy,Canada Excellence Research Chairs Program,ORG,not an actor,not an actor,Program; not an actor,False,Canada Excellence Research Chairs Program
407,1,CAN,2022,Canada's National Quantum Strategy,CERC,ORG,not an actor,not an actor,Program; not an actor,False,CERC
409,1,CAN,2022,Canada's National Quantum Strategy,New Frontiers in Research Fund,ORG,not an actor,not an actor,Fund; not an actor,False,New Frontiers in Research Fund
409,1,CAN,2022,Canada's National Quantum Strategy,NFRF,ORG,not an actor,not an actor,Fund; not an actor,False,NFRF
411,1,CAN,2022,Canada's National Quantum Strategy,NSERC-National Science Foundation,ORG,Government,Funding Agencies,International Partnership,True,National Science Foundation
411,1,CAN,2022,Canada's National Quantum Strategy,NSF,ORG,Government,Funding Agencies,International Partnership,False,NSF
413,1,CAN,2022,Canada's National Quantum Strategy,CIIP,ORG,not an actor,not an actor,Program,False,CIIP
414,1,CAN,2022,Canada's National Quantum Strategy,Innovation for Defence Excellence and Security,ORG,not an actor,not an actor,Program; not an actor,False,Innovation for Defence Excellence and Security
414,1,CAN,2022,Canada's National Quantum Strategy,IDEaS,ORG,not an actor,not an actor,Program; not an actor,False,IDEaS
414,1,CAN,2022,Canada's National Quantum Strategy,Defence Research and Development Canada,ORG,Government,Federal Research Organization,Federal Research Agency,False,Defence Research and Development Canada
414,1,CAN,2022,Canada's National Quantum Strategy,DRDC,ORG,Government,Federal Research Organization,Federal Research Agency,False,DRDC
416,1,CAN,2022,Canada's National Quantum Strategy,Innovation Fund – Canada Foundation for Innovation,ORG,Government,Funding Agencies,Funding,True,Canada Foundation for Innovation
417,1,CAN,2022,Canada's National Quantum Strategy,John R. Evans Leaders Fund,ORG,not an actor,not an actor,Fund,False,John R. Evans Leaders Fund
419,1,CAN,2022,Canada's National Quantum Strategy,Refugees and Citizenship Canada,ORG,,,,,
427,1,CAN,2022,Canada's National Quantum Strategy,PTs,ORG,not an actor,not an actor,not an actor,False,PTs
428,1,CAN,2022,Canada's National Quantum Strategy,Global Talent Stream – Employment and Social Development Canada,ORG,Government,Policy Makers,Federal Department,True,Employment and Social Development Canada
428,1,CAN,2022,Canada's National Quantum Strategy,ESDC,ORG,Government,Policy Makers,Federal Department,False,ESDC
432,1,CAN,2022,Canada's National Quantum Strategy,Public Service Commission of Canada,ORG,Government,Government Support Services,Federal Agency,False,Public Service Commission of Canada
433,1,CAN,2022,Canada's National Quantum Strategy,Prairies Economic Development Canada,ORG,Government,Funding Agencies,Federal Agency,False,Prairies Economic Development Canada
433,1,CAN,2022,Canada's National Quantum Strategy,Pacific Economic Development Canada,ORG,Government,Funding Agencies,Federal Agency,False,Pacific Economic Development Canada
433,1,CAN,2022,Canada's National Quantum Strategy,ITB,ORG,not an actor,not an actor,Policy Framework; not an actor,False,ITB
434,1,CAN,2022,Canada's National Quantum Strategy,ITB Policy,ORG,not an actor,not an actor,Policy Framework; not an actor,False,ITB Policy
434,1,CAN,2022,Canada's National Quantum Strategy,Canadian Coast Guard,ORG,Government,Government Support Services,Federal Agency,False,Canadian Coast Guard
437,1,CAN,2022,Canada's National Quantum Strategy,Canada Trade Commissioner Service – Global Affairs Canada,ORG,Government,Policy Makers,Federal Department; Ministry,True,Global Affairs Canada
437,1,CAN,2022,Canada's National Quantum Strategy,Trade Commissioner Service,ORG,Government,Government Support Services,Federal Agency,False,Trade Commissioner Service
438,1,CAN,2022,Canada's National Quantum Strategy,RegionalBusiness Network,ORG,,,,,
441,1,CAN,2022,Canada's National Quantum Strategy,Space Technology Development Program,ORG,not an actor,not an actor,Program; not an actor,False,Space Technology Development Program
441,1,CAN,2022,Canada's National Quantum Strategy,STDP,ORG,not an actor,not an actor,Program; not an actor,False,STDP
441,1,CAN,2022,Canada's National Quantum Strategy,CSA,ORG,Government,Policy Makers,Space Agency,False,CSA
442,1,CAN,2022,Canada's National Quantum Strategy,Science and Economic Development Canada,ORG,Government,Policy Makers,Federal Department; Ministry,True,"Innovation, Science and Economic Development Canada"
444,1,CAN,2022,Canada's National Quantum Strategy,Deep Tech Venture Fund – Business Development Bank of Canada,ORG,Government,Bank,Corporate VC; Funding,True,Business Development Bank of Canada
1,2,GER,2023,Quantum Technologies Conceptual Framework Programme,Federal Government Nonlinear,ORG,,,,,
2,2,GER,2023,Quantum Technologies Conceptual Framework Programme,WMI,ORG,,,,,
2,2,GER,2023,Quantum Technologies Conceptual Framework Programme,Janine Gückelhorn,PER,,,,,
15,2,GER,2023,Quantum Technologies Conceptual Framework Programme,Federal Government,ORG,not specified,not specified,not specified,False,Federal Government
20,2,GER,2023,Quantum Technologies Conceptual Framework Programme,Q.ANT,ORG,,,,,
41,2,GER,2023,Quantum Technologies Conceptual Framework Programme,EU,ORG,,,,,
50,2,GER,2023,Quantum Technologies Conceptual Framework Programme,BMWK,ORG,,,,,
54,2,GER,2023,Quantum Technologies Conceptual Framework Programme,BMBF,ORG,,,,,
62,2,GER,2023,Quantum Technologies Conceptual Framework Programme,Federal Government’s ‘Future Strategy for Research and Innovation’,ORG,,,,,
111,2,GER,2023,Quantum Technologies Conceptual Framework Programme,USA,ORG,,,,,
112,2,GER,2023,Quantum Technologies Conceptual Framework Programme,Google,ORG,,,,,
112,2,GER,2023,Quantum Technologies Conceptual Framework Programme,IBM,ORG,,,,,
113,2,GER,2023,Quantum Technologies Conceptual Framework Programme,NIST,ORG,,,,,
113,2,GER,2023,Quantum Technologies Conceptual Framework Programme,NASA,ORG,,,,,
113,2,GER,2023,Quantum Technologies Conceptual Framework Programme,DARPA,ORG,,,,,
117,2,GER,2023,Quantum Technologies Conceptual Framework Programme,European Union,ORG,,,,,
118,2,GER,2023,Quantum Technologies Conceptual Framework Programme,Federal Government’s Future Package,ORG,,,,,
183,2,GER,2023,Quantum Technologies Conceptual Framework Programme,Expert Commission on Research and Innovation17,ORG,,,,,
206,2,GER,2023,Quantum Technologies Conceptual Framework Programme,German Aerospace Centre,ORG,,,,,
206,2,GER,2023,Quantum Technologies Conceptual Framework Programme,DLR,ORG,,,,,
209,2,GER,2023,Quantum Technologies Conceptual Framework Programme,DeepTech & Climate Fonds,ORG,,,,,
209,2,GER,2023,Quantum Technologies Conceptual Framework Programme,DTCF,ORG,,,,,
210,2,GER,2023,Quantum Technologies Conceptual Framework Programme,HTGF,ORG,,,,,
210,2,GER,2023,Quantum Technologies Conceptual Framework Programme,theDTCF,ORG,,,,,
226,2,GER,2023,Quantum Technologies Conceptual Framework Programme,FederalGovernment,ORG,,,,,
262,2,GER,2023,Quantum Technologies Conceptual Framework Programme,Bundeswehr,ORG,,,,,
262,2,GER,2023,Quantum Technologies Conceptual Framework Programme,Federal Armed Forces,ORG,,,,,
283,2,GER,2023,Quantum Technologies Conceptual Framework Programme,CEN-CENELEC Quantum Technology Focus Group,ORG,,,,,
285,2,GER,2023,Quantum Technologies Conceptual Framework Programme,Joint Technical Committee JTC 22,ORG,,,,,
285,2,GER,2023,Quantum Technologies Conceptual Framework Programme,CEN-CENELEC,ORG,,,,,
285,2,GER,2023,Quantum Technologies Conceptual Framework Programme,DIN,ORG,,,,,
338,2,GER,2023,Quantum Technologies Conceptual Framework Programme,"Federal Government,quantum",ORG,,,,,
338,2,GER,2023,Quantum Technologies Conceptual Framework Programme,Gauss Centre for Supercomputing,ORG,,,,,
346,2,GER,2023,Quantum Technologies Conceptual Framework Programme,High-Tech Gründerfonds,ORG,,,,,
346,2,GER,2023,Quantum Technologies Conceptual Framework Programme,Federal Agency for Disruptive Innovation SPRIN-D,ORG,,,,,
388,2,GER,2023,Quantum Technologies Conceptual Framework Programme,Federal Government The Federal Government,ORG,,,,,
394,2,GER,2023,Quantum Technologies Conceptual Framework Programme,Max Planck Institute of Quantum Optics,ORG,,,,,
403,2,GER,2023,Quantum Technologies Conceptual Framework Programme,Horizon Europe,ORG,,,,,
403,2,GER,2023,Quantum Technologies Conceptual Framework Programme,Digital Europe,ORG,,,,,
405,2,GER,2023,Quantum Technologies Conceptual Framework Programme,QuantERA,ORG,,,,,
406,2,GER,2023,Quantum Technologies Conceptual Framework Programme,EU Commission,ORG,,,,,
406,2,GER,2023,Quantum Technologies Conceptual Framework Programme,ESA,ORG,,,,,
406,2,GER,2023,Quantum Technologies Conceptual Framework Programme,EuroQCI,ORG,,,,,
406,2,GER,2023,Quantum Technologies Conceptual Framework Programme,SAGA,ORG,,,,,
447,2,GER,2023,Quantum Technologies Conceptual Framework Programme,Federal Government68 The Future Strategy for Research and Innovation,ORG,,,,,
458,2,GER,2023,Quantum Technologies Conceptual Framework Programme,Cyber Security Strategy for Germany,ORG,,,,,
458,2,GER,2023,Quantum Technologies Conceptual Framework Programme,Cyber Security Strategy,ORG,,,,,
461,2,GER,2023,Quantum Technologies Conceptual Framework Programme,Federal States,ORG,,,,,
462,2,GER,2023,Quantum Technologies Conceptual Framework Programme,European Cybersecurity Strategy,ORG,,,,,
462,2,GER,2023,Quantum Technologies Conceptual Framework Programme,Cybersecurity Strategy for Germany,ORG,,,,,
463,2,GER,2023,Quantum Technologies Conceptual Framework Programme,Space Agency,ORG,,,,,
463,2,GER,2023,Quantum Technologies Conceptual Framework Programme,National Programme for Space and Innovation,ORG,,,,,
469,2,GER,2023,Quantum Technologies Conceptual Framework Programme,Ecosystem for Quantum assisted Artificial Intelligence,ORG,,,,,
472,2,GER,2023,Quantum Technologies Conceptual Framework Programme,Agentur für Innovation in der Cybersicherheit GmbH,ORG,,,,,
478,2,GER,2023,Quantum Technologies Conceptual Framework Programme,Bundesamt für Sicherheit in der Informationstechnik,ORG,,,,,
478,2,GER,2023,Quantum Technologies Conceptual Framework Programme,Federal Office for Information  Security,ORG,,,,,
478,2,GER,2023,Quantum Technologies Conceptual Framework Programme,BSI,ORG,,,,,
480,2,GER,2023,Quantum Technologies Conceptual Framework Programme,ISO,ORG,,,,,
480,2,GER,2023,Quantum Technologies Conceptual Framework Programme,IEC,ORG,,,,,
482,2,GER,2023,Quantum Technologies Conceptual Framework Programme,FrodoKEM,ORG,,,,,
484,2,GER,2023,Quantum Technologies Conceptual Framework Programme,NISQ,ORG,,,,,
490,2,GER,2023,Quantum Technologies Conceptual Framework Programme,Thunderbird,ORG,,,,,
492,2,GER,2023,Quantum Technologies Conceptual Framework Programme,OpenPGP,ORG,,,,,
492,2,GER,2023,Quantum Technologies Conceptual Framework Programme,Internet Engineering Task Force,ORG,,,,,
492,2,GER,2023,Quantum Technologies Conceptual Framework Programme,IETF,ORG,,,,,
496,2,GER,2023,Quantum Technologies Conceptual Framework Programme,European Telecommunications Standards Institute,ORG,,,,,
496,2,GER,2023,Quantum Technologies Conceptual Framework Programme,ETSI,ORG,,,,,
502,2,GER,2023,Quantum Technologies Conceptual Framework Programme,Physikalisch-Technische Bundesanstalt,ORG,,,,,
502,2,GER,2023,Quantum Technologies Conceptual Framework Programme,National Metrology Institute of Germany,ORG,,,,,
502,2,GER,2023,Quantum Technologies Conceptual Framework Programme,PTB,ORG,,,,,
502,2,GER,2023,Quantum Technologies Conceptual Framework Programme,Schirmprojekt Quantenkommunikation Deutschland,ORG,,,,,
502,2,GER,2023,Quantum Technologies Conceptual Framework Programme,Quantum Communication Germany,ORG,,,,,
504,2,GER,2023,Quantum Technologies Conceptual Framework Programme,QKD,ORG,,,,,
505,2,GER,2023,Quantum Technologies Conceptual Framework Programme,Bundesdruckerei GmbH Bundesdruckerei GmbH,ORG,,,,,
505,2,GER,2023,Quantum Technologies Conceptual Framework Programme,Maurer Electronics GmbH,ORG,,,,,
508,2,GER,2023,Quantum Technologies Conceptual Framework Programme,Bundesdruckerei Group,ORG,,,,,
509,2,GER,2023,Quantum Technologies Conceptual Framework Programme,Bundesdruckerei GmbH,ORG,,,,,
510,2,GER,2023,Quantum Technologies Conceptual Framework Programme,Bundesdruckerei,ORG,,,,,
512,2,GER,2023,Quantum Technologies Conceptual Framework Programme,Federal Administration,ORG,,,,,
512,2,GER,2023,Quantum Technologies Conceptual Framework Programme,Federal Ministry of Finance,ORG,,,,,
518,2,GER,2023,Quantum Technologies Conceptual Framework Programme,Federal Data Atlas,ORG,,,,,
518,2,GER,2023,Quantum Technologies Conceptual Framework Programme,Federal AI Competence Centre,ORG,,,,,
519,2,GER,2023,Quantum Technologies Conceptual Framework Programme,DB Systel,ORG,,,,,
519,2,GER,2023,Quantum Technologies Conceptual Framework Programme,Bundesquantenallianz,ORG,,,,,
519,2,GER,2023,Quantum Technologies Conceptual Framework Programme,BQA,ORG,,,,,
520,2,GER,2023,Quantum Technologies Conceptual Framework Programme,BAM,ORG,,,,,
525,2,GER,2023,Quantum Technologies Conceptual Framework Programme,BWI GmbH BWI GmbH,ORG,,,,,
525,2,GER,2023,Quantum Technologies Conceptual Framework Programme,IT,ORG,,,,,
526,2,GER,2023,Quantum Technologies Conceptual Framework Programme,BWI,ORG,,,,,
529,2,GER,2023,Quantum Technologies Conceptual Framework Programme,Competence Centre Quantum Enabled Technologies’,ORG,,,,,
532,2,GER,2023,Quantum Technologies Conceptual Framework Programme,Deutsche Forschungsgemeinschaft e. V.,ORG,,,,,
532,2,GER,2023,Quantum Technologies Conceptual Framework Programme,German Research Foundation,ORG,,,,,
532,2,GER,2023,Quantum Technologies Conceptual Framework Programme,DFG,ORG,,,,,
538,2,GER,2023,Quantum Technologies Conceptual Framework Programme,Clusters of Excellence,ORG,,,,,
539,2,GER,2023,Quantum Technologies Conceptual Framework Programme,European Research Area,ORG,,,,,
546,2,GER,2023,Quantum Technologies Conceptual Framework Programme,QCDE,ORG,,,,,
547,2,GER,2023,Quantum Technologies Conceptual Framework Programme,Research Training Group,ORG,,,,,
548,2,GER,2023,Quantum Technologies Conceptual Framework Programme,Deutscher Wetterdienst,ORG,,,,,
548,2,GER,2023,Quantum Technologies Conceptual Framework Programme,German Weather Service,ORG,,,,,
549,2,GER,2023,Quantum Technologies Conceptual Framework Programme,DWD,ORG,,,,,
549,2,GER,2023,Quantum Technologies Conceptual Framework Programme,ICON,ORG,,,,,
549,2,GER,2023,Quantum Technologies Conceptual Framework Programme,Max Planck Institut für Meteorology,ORG,,,,,
549,2,GER,2023,Quantum Technologies Conceptual Framework Programme,MPI-M,ORG,,,,,
549,2,GER,2023,Quantum Technologies Conceptual Framework Programme,German Climate Computing Center,ORG,,,,,
549,2,GER,2023,Quantum Technologies Conceptual Framework Programme,DKRZ,ORG,,,,,
549,2,GER,2023,Quantum Technologies Conceptual Framework Programme,Karlsruhe Institute of Technologe,ORG,,,,,
549,2,GER,2023,Quantum Technologies Conceptual Framework Programme,KIT,ORG,,,,,
553,2,GER,2023,Quantum Technologies Conceptual Framework Programme,Cyber Defence and Smart Data Research Institute,ORG,,,,,
553,2,GER,2023,Quantum Technologies Conceptual Framework Programme,FI,ORG,,,,,
553,2,GER,2023,Quantum Technologies Conceptual Framework Programme,University of the Bundeswehr Munich The FI CODE,ORG,,,,,
556,2,GER,2023,Quantum Technologies Conceptual Framework Programme,FI CODE,ORG,,,,,
556,2,GER,2023,Quantum Technologies Conceptual Framework Programme,IBM Q Hub,ORG,,,,,
556,2,GER,2023,Quantum Technologies Conceptual Framework Programme,Forschung e. V.,ORG,,,,,
556,2,GER,2023,Quantum Technologies Conceptual Framework Programme,Fraunhofer Society for the Promotion of Applied Research,ORG,,,,,
556,2,GER,2023,Quantum Technologies Conceptual Framework Programme,FhG,ORG,,,,,
559,2,GER,2023,Quantum Technologies Conceptual Framework Programme,Fraunhofer-Gesellschaft,ORG,,,,,
560,2,GER,2023,Quantum Technologies Conceptual Framework Programme,theFraunhofer-Gesellschaft,ORG,,,,,
563,2,GER,2023,Quantum Technologies Conceptual Framework Programme,Deutschland GmbH,ORG,,,,,
571,2,GER,2023,Quantum Technologies Conceptual Framework Programme,ForschungsfabrikMikroelektronik Deutschland,ORG,,,,,
571,2,GER,2023,Quantum Technologies Conceptual Framework Programme,FMD,ORG,,,,,
573,2,GER,2023,Quantum Technologies Conceptual Framework Programme,Helmholtz-Gemeinschaft Deutscher Forschungszentren e. V.,ORG,,,,,
573,2,GER,2023,Quantum Technologies Conceptual Framework Programme,Helmholtz Association of German Research Centres,ORG,,,,,
573,2,GER,2023,Quantum Technologies Conceptual Framework Programme,HGF,ORG,,,,,
573,2,GER,2023,Quantum Technologies Conceptual Framework Programme,The Helmholtz Centres,ORG,,,,,
573,2,GER,2023,Quantum Technologies Conceptual Framework Programme,Helmholtz Quantum,ORG,,,,,
583,2,GER,2023,Quantum Technologies Conceptual Framework Programme,Helmholtz Association,ORG,,,,,
587,2,GER,2023,Quantum Technologies Conceptual Framework Programme,Helmholtz,ORG,,,,,
592,2,GER,2023,Quantum Technologies Conceptual Framework Programme,DLR Quantum Computing Initiative,ORG,,,,,
600,2,GER,2023,Quantum Technologies Conceptual Framework Programme,Max-Planck-Gesellschaft zur Förderung der Wissenschaften e. V.,ORG,,,,,
600,2,GER,2023,Quantum Technologies Conceptual Framework Programme,Max Planck Society for the Advancement of Science,ORG,,,,,
600,2,GER,2023,Quantum Technologies Conceptual Framework Programme,Max Planck Society,ORG,,,,,
600,2,GER,2023,Quantum Technologies Conceptual Framework Programme,MPG,ORG,,,,,
601,2,GER,2023,Quantum Technologies Conceptual Framework Programme,Max Planck Institute,ORG,,,,,
601,2,GER,2023,Quantum Technologies Conceptual Framework Programme,MPI,ORG,,,,,
601,2,GER,2023,Quantum Technologies Conceptual Framework Programme,Quantum Optics,ORG,,,,,
601,2,GER,2023,Quantum Technologies Conceptual Framework Programme,MPI for Gravitational Physics,ORG,,,,,
601,2,GER,2023,Quantum Technologies Conceptual Framework Programme,Physics of Complex Systems,ORG,,,,,
601,2,GER,2023,Quantum Technologies Conceptual Framework Programme,Physics of Light,ORG,,,,,
602,2,GER,2023,Quantum Technologies Conceptual Framework Programme,Max Planck Institutes for Solid State Research in Stuttgart,ORG,,,,,
602,2,GER,2023,Quantum Technologies Conceptual Framework Programme,Multidisciplinary Natural Sciences,ORG,,,,,
602,2,GER,2023,Quantum Technologies Conceptual Framework Programme,Structure and Dynamics of Matter,ORG,,,,,
602,2,GER,2023,Quantum Technologies Conceptual Framework Programme,Fritz Haber Institute,ORG,,,,,
604,2,GER,2023,Quantum Technologies Conceptual Framework Programme,QST,ORG,,,,,
606,2,GER,2023,Quantum Technologies Conceptual Framework Programme,Garching,ORG,,,,,
606,2,GER,2023,Quantum Technologies Conceptual Framework Programme,Stuttgart,ORG,,,,,
606,2,GER,2023,Quantum Technologies Conceptual Framework Programme,"Heidelberg,Garching",ORG,,,,,
606,2,GER,2023,Quantum Technologies Conceptual Framework Programme,Halle,ORG,,,,,
610,2,GER,2023,Quantum Technologies Conceptual Framework Programme,Max Planck Quantum Alliance,ORG,,,,,
610,2,GER,2023,Quantum Technologies Conceptual Framework Programme,MPQA,ORG,,,,,
613,2,GER,2023,Quantum Technologies Conceptual Framework Programme,MQV,ORG,,,,,
614,2,GER,2023,Quantum Technologies Conceptual Framework Programme,Bavarian Academy of Sciences and Humanities,ORG,,,,,
614,2,GER,2023,Quantum Technologies Conceptual Framework Programme,BAdW,ORG,,,,,
614,2,GER,2023,Quantum Technologies Conceptual Framework Programme,Ludwig- Maximilians-Universität München,ORG,,,,,
614,2,GER,2023,Quantum Technologies Conceptual Framework Programme,LMU,ORG,,,,,
614,2,GER,2023,Quantum Technologies Conceptual Framework Programme,Tech-nische Universität München,ORG,,,,,
614,2,GER,2023,Quantum Technologies Conceptual Framework Programme,TUM,ORG,,,,,
614,2,GER,2023,Quantum Technologies Conceptual Framework Programme,Friedrich- Alexander-Universität Erlangen-Nürnberg,ORG,,,,,
614,2,GER,2023,Quantum Technologies Conceptual Framework Programme,FAU,ORG,,,,,
614,2,GER,2023,Quantum Technologies Conceptual Framework Programme,Fraunhofer Gesellschaft,ORG,,,,,
614,2,GER,2023,Quantum Technologies Conceptual Framework Programme,German Aerospace Center,ORG,,,,,
614,2,GER,2023,Quantum Technologies Conceptual Framework Programme,MQV Association,ORG,,,,,
615,2,GER,2023,Quantum Technologies Conceptual Framework Programme,Free State of Bavaria,ORG,,,,,
616,2,GER,2023,Quantum Technologies Conceptual Framework Programme,Federal Ministry of Education and Research,ORG,,,,,
616,2,GER,2023,Quantum Technologies Conceptual Framework Programme,Quantum Technologies Stimulus Package,ORG,,,,,
616,2,GER,2023,Quantum Technologies Conceptual Framework Programme,Federal Ministry for Economic Affairs and Climate Action,ORG,,,,,
618,2,GER,2023,Quantum Technologies Conceptual Framework Programme,Centre for Quantum Computing and Quantum Technol-ogies,ORG,,,,,
618,2,GER,2023,Quantum Technologies Conceptual Framework Programme,ZQQ,ORG,,,,,
622,2,GER,2023,Quantum Technologies Conceptual Framework Programme,Airbus,ORG,,,,,
622,2,GER,2023,Quantum Technologies Conceptual Framework Programme,BMW,ORG,,,,,
622,2,GER,2023,Quantum Technologies Conceptual Framework Programme,Fujitsu,ORG,,,,,
622,2,GER,2023,Quantum Technologies Conceptual Framework Programme,Huawei,ORG,,,,,
622,2,GER,2023,Quantum Technologies Conceptual Framework Programme,Infineon,ORG,,,,,
622,2,GER,2023,Quantum Technologies Conceptual Framework Programme,Menlo Systems,ORG,,,,,
622,2,GER,2023,Quantum Technologies Conceptual Framework Programme,Microsoft,ORG,,,,,
622,2,GER,2023,Quantum Technologies Conceptual Framework Programme,OHB,ORG,,,,,
622,2,GER,2023,Quantum Technologies Conceptual Framework Programme,Rohde&Schwarz,ORG,,,,,
622,2,GER,2023,Quantum Technologies Conceptual Framework Programme,Siemens,ORG,,,,,
622,2,GER,2023,Quantum Technologies Conceptual Framework Programme,Toptica Photonics,ORG,,,,,
622,2,GER,2023,Quantum Technologies Conceptual Framework Programme,Volkswagen,ORG,,,,,
626,2,GER,2023,Quantum Technologies Conceptual Framework Programme,Federal Institute of Metrology,ORG,,,,,
630,2,GER,2023,Quantum Technologies Conceptual Framework Programme,QT,ORG,,,,,
633,2,GER,2023,Quantum Technologies Conceptual Framework Programme,Quantum Technology Competence Centre,ORG,,,,,
633,2,GER,2023,Quantum Technologies Conceptual Framework Programme,QTZ,ORG,,,,,
640,2,GER,2023,Quantum Technologies Conceptual Framework Programme,QTcomponents,ORG,,,,,
656,2,GER,2023,Quantum Technologies Conceptual Framework Programme,QVLS,ORG,,,,,
671,2,GER,2023,Quantum Technologies Conceptual Framework Programme,Wissenschaftsgemeinschaft Gottfried Wilhelm Leibniz e. V.,ORG,,,,,
671,2,GER,2023,Quantum Technologies Conceptual Framework Programme,Leibniz Association,ORG,,,,,
675,2,GER,2023,Quantum Technologies Conceptual Framework Programme,Ferdinand Braun Institute,ORG,,,,,
675,2,GER,2023,Quantum Technologies Conceptual Framework Programme,Leibniz Institute for Highest Frequency Technology,ORG,,,,,
675,2,GER,2023,Quantum Technologies Conceptual Framework Programme,FBH,ORG,,,,,
675,2,GER,2023,Quantum Technologies Conceptual Framework Programme,Leibniz Institute for Solid State and Materials Research,ORG,,,,,
675,2,GER,2023,Quantum Technologies Conceptual Framework Programme,IFW,ORG,,,,,
675,2,GER,2023,Quantum Technologies Conceptual Framework Programme,Leibniz Institute for Innovative Microelectronics,ORG,,,,,
675,2,GER,2023,Quantum Technologies Conceptual Framework Programme,IHP,ORG,,,,,
675,2,GER,2023,Quantum Technologies Conceptual Framework Programme,Leibniz Institute for Crystal Growth,ORG,,,,,
675,2,GER,2023,Quantum Technologies Conceptual Framework Programme,IKZ,ORG,,,,,
675,2,GER,2023,Quantum Technologies Conceptual Framework Programme,Leibniz Institute for Surface Modification,ORG,,,,,
675,2,GER,2023,Quantum Technologies Conceptual Framework Programme,IOM,ORG,,,,,
675,2,GER,2023,Quantum Technologies Conceptual Framework Programme,Leibniz Institute for Photonic Technologies,ORG,,,,,
675,2,GER,2023,Quantum Technologies Conceptual Framework Programme,IPHT,ORG,,,,,
675,2,GER,2023,Quantum Technologies Conceptual Framework Programme,Paul Drude Institute for Solid State Electronics,ORG,,,,,
675,2,GER,2023,Quantum Technologies Conceptual Framework Programme,PDI,ORG,,,,,
675,2,GER,2023,Quantum Technologies Conceptual Framework Programme,Weierstrass Institute for Applied Analysis and Stochastics,ORG,,,,,
675,2,GER,2023,Quantum Technologies Conceptual Framework Programme,WIAS,ORG,,,,,
677,2,GER,2023,Quantum Technologies Conceptual Framework Programme,Leibniz Institutes,ORG,,,,,
681,2,GER,2023,Quantum Technologies Conceptual Framework Programme,Leibniz,ORG,,,,,
684,2,GER,2023,Quantum Technologies Conceptual Framework Programme,Research Factory Microelectronics Germany,ORG,,,,,
684,2,GER,2023,Quantum Technologies Conceptual Framework Programme,QSolid,ORG,,,,,
684,2,GER,2023,Quantum Technologies Conceptual Framework Programme,Quantum Computers,ORG,,,,,
684,2,GER,2023,Quantum Technologies Conceptual Framework Programme,Solid State,ORG,,,,,
684,2,GER,2023,Quantum Technologies Conceptual Framework Programme,MU-NIQC-SC,ORG,,,,,
684,2,GER,2023,Quantum Technologies Conceptual Framework Programme,Munich Quantum Valley Quantum Comput-er Demonstrators,ORG,,,,,
684,2,GER,2023,Quantum Technologies Conceptual Framework Programme,BECCAL,ORG,,,,,
684,2,GER,2023,Quantum Technologies Conceptual Framework Programme,Bose-Einstein Condensate,ORG,,,,,
684,2,GER,2023,Quantum Technologies Conceptual Framework Programme,Cold Atom Lab,ORG,,,,,
684,2,GER,2023,Quantum Technologies Conceptual Framework Programme,International Space Station,ORG,,,,,
686,2,GER,2023,Quantum Technologies Conceptual Framework Programme,Zentrum für Digitalisierungs,ORG,,,,,
686,2,GER,2023,Quantum Technologies Conceptual Framework Programme,Technologieforschung der Bundeswehr,ORG,,,,,
686,2,GER,2023,Quantum Technologies Conceptual Framework Programme,Centre for  Digitisation and Technology Research of the  Bundeswehr,ORG,,,,,
686,2,GER,2023,Quantum Technologies Conceptual Framework Programme,German Armed Forces,ORG,,,,,
686,2,GER,2023,Quantum Technologies Conceptual Framework Programme,Corona-Folgen bekämpfen,ORG,,,,,
686,2,GER,2023,Quantum Technologies Conceptual Framework Programme,Wohlstand sichern,ORG,,,,,
686,2,GER,2023,Quantum Technologies Conceptual Framework Programme,Fighting the Consequences of Covid,ORG,,,,,
688,2,GER,2023,Quantum Technologies Conceptual Framework Programme,BMVg,ORG,,,,,
690,2,GER,2023,Quantum Technologies Conceptual Framework Programme,University of the Bundeswehr Munich,ORG,,,,,
699,2,GER,2023,Quantum Technologies Conceptual Framework Programme,Galileo A,ORG,,,,,
699,2,GER,2023,Quantum Technologies Conceptual Framework Programme,American GPS,ORG,,,,,
699,2,GER,2023,Quantum Technologies Conceptual Framework Programme,Global Positioning System,ORG,,,,,
716,2,GER,2023,Quantum Technologies Conceptual Framework Programme,TRL 5,ORG,,,,,
5,3,UK,2023,National Quantum Strategy,Quantum,ORG,,,,,
8,3,UK,2023,National Quantum Strategy,"Department for Science, Innovation and Technology",ORG,,,,,
8,3,UK,2023,National Quantum Strategy,DSIT,ORG,,,,,
22,3,UK,2023,National Quantum Strategy,Rt Hon Michelle Donelan,ORG,,,,,
64,3,UK,2023,National Quantum Strategy,National Science and Technology Council,ORG,,,,,
83,3,UK,2023,National Quantum Strategy,oA,ORG,,,,,
83,3,UK,2023,National Quantum Strategy,"National Quantum Computing Centre,including",ORG,,,,,
84,3,UK,2023,National Quantum Strategy,International SciencePartnerships Fund,ORG,,,,,
87,3,UK,2023,National Quantum Strategy,Commission,ORG,,,,,
91,3,UK,2023,National Quantum Strategy,National Quantum Computing Centre,ORG,,,,,
95,3,UK,2023,National Quantum Strategy,Office for Quantum,ORG,,,,,
97,3,UK,2023,National Quantum Strategy,National Quantum Technologies Programme,ORG,,,,,
97,3,UK,2023,National Quantum Strategy,Strategic Advisory Board,ORG,,,,,
97,3,UK,2023,National Quantum Strategy,Peter Knight,PER,,,,,
97,3,UK,2023,National Quantum Strategy,Institute of Physics,ORG,,,,,
97,3,UK,2023,National Quantum Strategy,Institution of Engineering and Technology,ORG,,,,,
97,3,UK,2023,National Quantum Strategy,Royal Academy of Engineering,ORG,,,,,
97,3,UK,2023,National Quantum Strategy,UKQuantum,ORG,,,,,
107,3,UK,2023,National Quantum Strategy,Artur Ekert,PER,,,,,
108,3,UK,2023,National Quantum Strategy,National Quantum Technologies Programme  The UK,ORG,,,,,
108,3,UK,2023,National Quantum Strategy,NQTP,ORG,,,,,
109,3,UK,2023,National Quantum Strategy,Quantum Research Hubs,ORG,,,,,
109,3,UK,2023,National Quantum Strategy,theEngineering and Physical Sciences Research Council,ORG,,,,,
109,3,UK,2023,National Quantum Strategy,EPSRC,ORG,,,,,
110,3,UK,2023,National Quantum Strategy,Innovate UK,ORG,,,,,
110,3,UK,2023,National Quantum Strategy,NQCC,ORG,,,,,
110,3,UK,2023,National Quantum Strategy,UKRI,ORG,,,,,
110,3,UK,2023,National Quantum Strategy,Quantum Metrology Institute,ORG,,,,,
110,3,UK,2023,National Quantum Strategy,National Physical Laboratory,ORG,,,,,
110,3,UK,2023,National Quantum Strategy,NPL,ORG,,,,,
110,3,UK,2023,National Quantum Strategy,Centres for Doctoral Training,ORG,,,,,
110,3,UK,2023,National Quantum Strategy,CDTs,ORG,,,,,
110,3,UK,2023,National Quantum Strategy,MoD,ORG,,,,,
110,3,UK,2023,National Quantum Strategy,Defence Science and TechnologyLaboratory,ORG,,,,,
110,3,UK,2023,National Quantum Strategy,Dstl,ORG,,,,,
114,3,UK,2023,National Quantum Strategy,STFC,ORG,,,,,
115,3,UK,2023,National Quantum Strategy,UK Strengths  Today,ORG,,,,,
116,3,UK,2023,National Quantum Strategy,Fraunhofer Centre for Applied Photonics,ORG,,,,,
116,3,UK,2023,National Quantum Strategy,Universities of York,ORG,,,,,
119,3,UK,2023,National Quantum Strategy,National Hubs,ORG,,,,,
121,3,UK,2023,National Quantum Strategy,UK National Quantum Hub in Sensors and Timing and Defence Science and Technology Laboratory,ORG,,,,,
121,3,UK,2023,National Quantum Strategy,RSK,ORG,,,,,
121,3,UK,2023,National Quantum Strategy,Teledyne e2V,ORG,,,,,
128,3,UK,2023,National Quantum Strategy,UK Commercialising Quantum Challenge,ORG,,,,,
143,3,UK,2023,National Quantum Strategy,European Union19,ORG,,,,,
164,3,UK,2023,National Quantum Strategy,Science and Technology Framework,ORG,,,,,
167,3,UK,2023,National Quantum Strategy,Framework,ORG,,,,,
169,3,UK,2023,National Quantum Strategy,National Quantum Strategy,ORG,,,,,
177,3,UK,2023,National Quantum Strategy,Government,ORG,,,,,
178,3,UK,2023,National Quantum Strategy,Quantum Technology Research Hubs andCentres,ORG,,,,,
183,3,UK,2023,National Quantum Strategy,Thehubs,ORG,,,,,
191,3,UK,2023,National Quantum Strategy,NationalQuantum Computing Centre,ORG,,,,,
201,3,UK,2023,National Quantum Strategy,PNT,ORG,,,,,
213,3,UK,2023,National Quantum Strategy,US National Science and Technology Council,ORG,,,,,
218,3,UK,2023,National Quantum Strategy,Doctoral Training,ORG,,,,,
218,3,UK,2023,National Quantum Strategy,Defence Science and Technology Laboratory,ORG,,,,,
219,3,UK,2023,National Quantum Strategy,26  Fellowships  Quantum,ORG,,,,,
221,3,UK,2023,National Quantum Strategy,Joint EPSRC,ORG,,,,,
221,3,UK,2023,National Quantum Strategy,UKRI Future Leaders Fellowship,ORG,,,,,
221,3,UK,2023,National Quantum Strategy,STFC Ernest Rutherford Fellowships,ORG,,,,,
229,3,UK,2023,National Quantum Strategy,Royal Society,ORG,,,,,
233,3,UK,2023,National Quantum Strategy,Institution of Engineering & Technology,ORG,,,,,
233,3,UK,2023,National Quantum Strategy,IET,ORG,,,,,
233,3,UK,2023,National Quantum Strategy,IoP,ORG,,,,,
238,3,UK,2023,National Quantum Strategy,UK Science and Technology Framework,ORG,,,,,
240,3,UK,2023,National Quantum Strategy,Department for Education,ORG,,,,,
241,3,UK,2023,National Quantum Strategy,QuantumTechnologies,ORG,,,,,
242,3,UK,2023,National Quantum Strategy,PhD,ORG,,,,,
246,3,UK,2023,National Quantum Strategy,Quantum Skills Taskforce,ORG,,,,,
249,3,UK,2023,National Quantum Strategy,STEM Learning,ORG,,,,,
249,3,UK,2023,National Quantum Strategy,QuantumAmbassador,ORG,,,,,
256,3,UK,2023,National Quantum Strategy,Quantum Technologies for Fundamental Physics,ORG,,,,,
256,3,UK,2023,National Quantum Strategy,QTFP,ORG,,,,,
264,3,UK,2023,National Quantum Strategy,OECD,ORG,,,,,
264,3,UK,2023,National Quantum Strategy,Global Technology Forum,ORG,,,,,
264,3,UK,2023,National Quantum Strategy,World Economic Forum,ORG,,,,,
264,3,UK,2023,National Quantum Strategy,G7,ORG,,,,,
264,3,UK,2023,National Quantum Strategy,NATO,ORG,,,,,
264,3,UK,2023,National Quantum Strategy,AUKUS,ORG,,,,,
265,3,UK,2023,National Quantum Strategy,Institute of Electrical and Electronics Engineers Standards Association,ORG,,,,,
265,3,UK,2023,National Quantum Strategy,International Organization for Standardization and International Electrotechnical Commission,ORG,,,,,
267,3,UK,2023,National Quantum Strategy,forthcomingUK International Tech Strategy,ORG,,,,,
270,3,UK,2023,National Quantum Strategy,InternationalScience Partnerships Fund,ORG,,,,,
271,3,UK,2023,National Quantum Strategy,WorldEconomic Forum,ORG,,,,,
274,3,UK,2023,National Quantum Strategy,NIST,ORG,,,,,
280,3,UK,2023,National Quantum Strategy,Quantum Motion,ORG,,,,,
280,3,UK,2023,National Quantum Strategy,Quantum Insider,ORG,,,,,
282,3,UK,2023,National Quantum Strategy,Robert Bosch Venture Capital,ORG,,,,,
282,3,UK,2023,National Quantum Strategy,British Patient Capital,ORG,,,,,
290,3,UK,2023,National Quantum Strategy,Institute of Engineering and Technology,ORG,,,,,
298,3,UK,2023,National Quantum Strategy,ISCF,ORG,,,,,
303,3,UK,2023,National Quantum Strategy,Harwell Campus,ORG,,,,,
305,3,UK,2023,National Quantum Strategy,Glentanglement®,ORG,,,,,
306,3,UK,2023,National Quantum Strategy,Coherent Scotland and M Squared,ORG,,,,,
308,3,UK,2023,National Quantum Strategy,University of Glasgow,ORG,,,,,
308,3,UK,2023,National Quantum Strategy,University of Strathclyde,ORG,,,,,
309,3,UK,2023,National Quantum Strategy,Fraunhofer Centre for Applied Photonics UK,ORG,,,,,
310,3,UK,2023,National Quantum Strategy,Quantum Imaging Hub,ORG,,,,,
310,3,UK,2023,National Quantum Strategy,QuantIC,ORG,,,,,
310,3,UK,2023,National Quantum Strategy,Universities of Edinburgh,ORG,,,,,
310,3,UK,2023,National Quantum Strategy,Strathclyde,ORG,,,,,
311,3,UK,2023,National Quantum Strategy,UK Quantum Technologies Challenge,ORG,,,,,
311,3,UK,2023,National Quantum Strategy,The Directory,ORG,,,,,
312,3,UK,2023,National Quantum Strategy,CS,ORG,,,,,
314,3,UK,2023,National Quantum Strategy,UKRI Strength in Places Fund,ORG,,,,,
314,3,UK,2023,National Quantum Strategy,Institute for Compound Semiconductors,ORG,,,,,
314,3,UK,2023,National Quantum Strategy,Future CS Manufacturing Hub,ORG,,,,,
314,3,UK,2023,National Quantum Strategy,Cardiff University,ORG,,,,,
314,3,UK,2023,National Quantum Strategy,Centre for Integrated Semiconductor Materials,ORG,,,,,
314,3,UK,2023,National Quantum Strategy,Swansea University,ORG,,,,,
315,3,UK,2023,National Quantum Strategy,The CS Centre,ORG,,,,,
315,3,UK,2023,National Quantum Strategy,The CS Applications Catapult,ORG,,,,,
316,3,UK,2023,National Quantum Strategy,IQE,ORG,,,,,
316,3,UK,2023,National Quantum Strategy,KLA,ORG,,,,,
316,3,UK,2023,National Quantum Strategy,Microchip Technology,ORG,,,,,
318,3,UK,2023,National Quantum Strategy,UK National Quantum Foundry,ORG,,,,,
325,3,UK,2023,National Quantum Strategy,Quantum Computing,ORG,,,,,
335,3,UK,2023,National Quantum Strategy,CAP,ORG,,,,,
335,3,UK,2023,National Quantum Strategy,Glasgow  The Fraunhofer CAP UK,ORG,,,,,
338,3,UK,2023,National Quantum Strategy,Fraunhofer CAP,ORG,,,,,
341,3,UK,2023,National Quantum Strategy,Fraunhofer,ORG,,,,,
343,3,UK,2023,National Quantum Strategy,Government Innovation Hub,ORG,,,,,
344,3,UK,2023,National Quantum Strategy,"EDGE programmes,ICURe",ORG,,,,,
345,3,UK,2023,National Quantum Strategy,Intellectual Property Office,ORG,,,,,
345,3,UK,2023,National Quantum Strategy,IPO,ORG,,,,,
346,3,UK,2023,National Quantum Strategy,IP Service,ORG,,,,,
348,3,UK,2023,National Quantum Strategy,NPLare,ORG,,,,,
349,3,UK,2023,National Quantum Strategy,National Protective Security Agency,ORG,,,,,
349,3,UK,2023,National Quantum Strategy,NPSA,ORG,,,,,
349,3,UK,2023,National Quantum Strategy,CPNI,ORG,,,,,
349,3,UK,2023,National Quantum Strategy,National Cyber Security Centre,ORG,,,,,
349,3,UK,2023,National Quantum Strategy,NCSC,ORG,,,,,
350,3,UK,2023,National Quantum Strategy,DBT,ORG,,,,,
352,3,UK,2023,National Quantum Strategy,DBTalso,ORG,,,,,
365,3,UK,2023,National Quantum Strategy,British Business Bank,ORG,,,,,
366,3,UK,2023,National Quantum Strategy,Bank,ORG,,,,,
366,3,UK,2023,National Quantum Strategy,UK Innovation Strategy,ORG,,,,,
367,3,UK,2023,National Quantum Strategy,BPC,ORG,,,,,
369,3,UK,2023,National Quantum Strategy,Future Fund,ORG,,,,,
372,3,UK,2023,National Quantum Strategy,Oxford Quantum Circuits’,ORG,,,,,
373,3,UK,2023,National Quantum Strategy,National Security Strategic Investment Fund,ORG,,,,,
373,3,UK,2023,National Quantum Strategy,NSSIF,ORG,,,,,
377,3,UK,2023,National Quantum Strategy,British Technology Investments Limited,ORG,,,,,
383,3,UK,2023,National Quantum Strategy,Department forBusiness and Trade,ORG,,,,,
388,3,UK,2023,National Quantum Strategy,PsiQuantum,ORG,,,,,
389,3,UK,2023,National Quantum Strategy,IBM,ORG,,,,,
389,3,UK,2023,National Quantum Strategy,Hartree National Centre for Digital Innovation,ORG,,,,,
391,3,UK,2023,National Quantum Strategy,Department for Business and Trade,ORG,,,,,
392,3,UK,2023,National Quantum Strategy,Quantum Technologies,ORG,,,,,
395,3,UK,2023,National Quantum Strategy,EY,ORG,,,,,
402,3,UK,2023,National Quantum Strategy,Catalyst Fund,ORG,,,,,
438,3,UK,2023,National Quantum Strategy,Quantum Software Laboratory,ORG,,,,,
438,3,UK,2023,National Quantum Strategy,University of Edinburgh,ORG,,,,,
441,3,UK,2023,National Quantum Strategy,Oxford Quantum Circuits,ORG,,,,,
441,3,UK,2023,National Quantum Strategy,OQC,ORG,,,,,
442,3,UK,2023,National Quantum Strategy,SparQ,ORG,,,,,
447,3,UK,2023,National Quantum Strategy,Small Business Research Initiative,ORG,,,,,
447,3,UK,2023,National Quantum Strategy,SBRI,ORG,,,,,
450,3,UK,2023,National Quantum Strategy,MOD,ORG,,,,,
454,3,UK,2023,National Quantum Strategy,MOD Science & Technology Strategy,ORG,,,,,
455,3,UK,2023,National Quantum Strategy,Defence,ORG,,,,,
462,3,UK,2023,National Quantum Strategy,Crick Institute,ORG,,,,,
462,3,UK,2023,National Quantum Strategy,Faraday Institution,ORG,,,,,
478,3,UK,2023,National Quantum Strategy,World Economic Forum Global Future Council,ORG,,,,,
478,3,UK,2023,National Quantum Strategy,WEF Global Future Councils,ORG,,,,,
484,3,UK,2023,National Quantum Strategy,World Trade Organisation,ORG,,,,,
484,3,UK,2023,National Quantum Strategy,G20,ORG,,,,,
484,3,UK,2023,National Quantum Strategy,Council of Europe,ORG,,,,,
484,3,UK,2023,National Quantum Strategy,Commonwealth,ORG,,,,,
484,3,UK,2023,National Quantum Strategy,"UN,including",ORG,,,,,
484,3,UK,2023,National Quantum Strategy,International Telecommunications Union,ORG,,,,,
484,3,UK,2023,National Quantum Strategy,ITU,ORG,,,,,
485,3,UK,2023,National Quantum Strategy,Regulatory Horizons Council,ORG,,,,,
492,3,UK,2023,National Quantum Strategy,NSI,ORG,,,,,
494,3,UK,2023,National Quantum Strategy,Trusted Research,ORG,,,,,
497,3,UK,2023,National Quantum Strategy,Academic Technology Approval Scheme,ORG,,,,,
497,3,UK,2023,National Quantum Strategy,ATAS,ORG,,,,,
498,3,UK,2023,National Quantum Strategy,Advanced Conventional Military Technology,ORG,,,,,
498,3,UK,2023,National Quantum Strategy,ACMT,ORG,,,,,
500,3,UK,2023,National Quantum Strategy,National Security and Investment Act,ORG,,,,,
500,3,UK,2023,National Quantum Strategy,NSIA,ORG,,,,,
508,3,UK,2023,National Quantum Strategy,ECJU,ORG,,,,,
508,3,UK,2023,National Quantum Strategy,Wassenaar Arrangement,ORG,,,,,
531,3,UK,2023,National Quantum Strategy,International Organization for Standardization,ORG,,,,,
531,3,UK,2023,National Quantum Strategy,ISO,ORG,,,,,
531,3,UK,2023,National Quantum Strategy,International Electrotechnical Commission,ORG,,,,,
531,3,UK,2023,National Quantum Strategy,IEC,ORG,,,,,
531,3,UK,2023,National Quantum Strategy,International Telecommunication Union,ORG,,,,,
531,3,UK,2023,National Quantum Strategy,Internet Engineering Task Force,ORG,,,,,
531,3,UK,2023,National Quantum Strategy,IETF,ORG,,,,,
531,3,UK,2023,National Quantum Strategy,European Telecommunications Standards Institute,ORG,,,,,
531,3,UK,2023,National Quantum Strategy,ETSI,ORG,,,,,
531,3,UK,2023,National Quantum Strategy,Institute of Electrical and Electronics Engineers,ORG,,,,,
531,3,UK,2023,National Quantum Strategy,IEEE,ORG,,,,,
533,3,UK,2023,National Quantum Strategy,British Standards Institute,ORG,,,,,
533,3,UK,2023,National Quantum Strategy,National PhysicalLaboratory and MOD,ORG,,,,,
535,3,UK,2023,National Quantum Strategy,International Standards Development Organisations,ORG,,,,,
535,3,UK,2023,National Quantum Strategy,SDOs,ORG,,,,,
536,3,UK,2023,National Quantum Strategy,National Institute of Standards and Technology,ORG,,,,,
537,3,UK,2023,National Quantum Strategy,BSI,ORG,,,,,
537,3,UK,2023,National Quantum Strategy,CENELEC,ORG,,,,,
539,3,UK,2023,National Quantum Strategy,JTC,ORG,,,,,
539,3,UK,2023,National Quantum Strategy,CEN,ORG,,,,,
539,3,UK,2023,National Quantum Strategy,CENELEC Focus Group,ORG,,,,,
539,3,UK,2023,National Quantum Strategy,FGQT,ORG,,,,,
552,3,UK,2023,National Quantum Strategy,National Physical Laboratory  The Quantum Metrology Institute,ORG,,,,,
552,3,UK,2023,National Quantum Strategy,QMI,ORG,,,,,
558,3,UK,2023,National Quantum Strategy,Advanced Quantum Metrology Laboratory,ORG,,,,,
558,3,UK,2023,National Quantum Strategy,AQML,ORG,,,,,
558,3,UK,2023,National Quantum Strategy,NPL Teddington,ORG,,,,,
578,3,UK,2023,National Quantum Strategy,theQuantum Strategic Advisory Board,ORG,,,,,
579,3,UK,2023,National Quantum Strategy,theRoyal Academy of Engineering,ORG,,,,,
579,3,UK,2023,National Quantum Strategy,Institute of Engineering and Technology andTechUK,ORG,,,,,
581,3,UK,2023,National Quantum Strategy,UK Research and Innovation,ORG,,,,,
595,3,UK,2023,National Quantum Strategy,UK International Tech Strategy,ORG,,,,,
598,3,UK,2023,National Quantum Strategy,International Science Partnerships Fund    Demonstrate UK,ORG,,,,,
623,3,UK,2023,National Quantum Strategy,Government User Group,ORG,,,,,
628,3,UK,2023,National Quantum Strategy,UN,ORG,,,,,
629,3,UK,2023,National Quantum Strategy,Quantum Technology,ORG,,,,,
1,4,USA,2018,NATIONAL STRATEGIC  OVERVIEW FOR QUANTUM  INFORMATION SCIENCE,QIS,ORG,,,,,
7,4,USA,2018,NATIONAL STRATEGIC  OVERVIEW FOR QUANTUM  INFORMATION SCIENCE,Trump,ORG,,,,,
9,4,USA,2018,NATIONAL STRATEGIC  OVERVIEW FOR QUANTUM  INFORMATION SCIENCE,National Science and Technology Council,ORG,,,,,
9,4,USA,2018,NATIONAL STRATEGIC  OVERVIEW FOR QUANTUM  INFORMATION SCIENCE,NSTC,ORG,,,,,
9,4,USA,2018,NATIONAL STRATEGIC  OVERVIEW FOR QUANTUM  INFORMATION SCIENCE,Quantum Information Science,ORG,,,,,
9,4,USA,2018,NATIONAL STRATEGIC  OVERVIEW FOR QUANTUM  INFORMATION SCIENCE,SCQIS,ORG,,,,,
10,4,USA,2018,NATIONAL STRATEGIC  OVERVIEW FOR QUANTUM  INFORMATION SCIENCE,Nation,ORG,,,,,
15,4,USA,2018,NATIONAL STRATEGIC  OVERVIEW FOR QUANTUM  INFORMATION SCIENCE,United States’,ORG,,,,,
16,4,USA,2018,NATIONAL STRATEGIC  OVERVIEW FOR QUANTUM  INFORMATION SCIENCE,National Science and Technology Council Subcommittee on Quantum Information Science,ORG,,,,,
16,4,USA,2018,NATIONAL STRATEGIC  OVERVIEW FOR QUANTUM  INFORMATION SCIENCE,U.S. Quantum Consortium,ORG,,,,,
16,4,USA,2018,NATIONAL STRATEGIC  OVERVIEW FOR QUANTUM  INFORMATION SCIENCE,Federal Government,ORG,,,,,
21,4,USA,2018,NATIONAL STRATEGIC  OVERVIEW FOR QUANTUM  INFORMATION SCIENCE,OSTP,ORG,,,,,
25,4,USA,2018,NATIONAL STRATEGIC  OVERVIEW FOR QUANTUM  INFORMATION SCIENCE,Trump Administration,ORG,,,,,
26,4,USA,2018,NATIONAL STRATEGIC  OVERVIEW FOR QUANTUM  INFORMATION SCIENCE,Government,ORG,,,,,
56,4,USA,2018,NATIONAL STRATEGIC  OVERVIEW FOR QUANTUM  INFORMATION SCIENCE,Grand Challenges,ORG,,,,,
61,4,USA,2018,NATIONAL STRATEGIC  OVERVIEW FOR QUANTUM  INFORMATION SCIENCE,NISQ,ORG,,,,,
75,4,USA,2018,NATIONAL STRATEGIC  OVERVIEW FOR QUANTUM  INFORMATION SCIENCE,National Science Foundation,ORG,,,,,
75,4,USA,2018,NATIONAL STRATEGIC  OVERVIEW FOR QUANTUM  INFORMATION SCIENCE,NSF,ORG,,,,,
75,4,USA,2018,NATIONAL STRATEGIC  OVERVIEW FOR QUANTUM  INFORMATION SCIENCE,National Defense Science and Engineering Graduate Fellowship Program,ORG,,,,,
75,4,USA,2018,NATIONAL STRATEGIC  OVERVIEW FOR QUANTUM  INFORMATION SCIENCE,Quantum Science and Engineering Program,ORG,,,,,
75,4,USA,2018,NATIONAL STRATEGIC  OVERVIEW FOR QUANTUM  INFORMATION SCIENCE,Department of Defense,ORG,,,,,
75,4,USA,2018,NATIONAL STRATEGIC  OVERVIEW FOR QUANTUM  INFORMATION SCIENCE,DOD,ORG,,,,,
75,4,USA,2018,NATIONAL STRATEGIC  OVERVIEW FOR QUANTUM  INFORMATION SCIENCE,Department of Energy,ORG,,,,,
75,4,USA,2018,NATIONAL STRATEGIC  OVERVIEW FOR QUANTUM  INFORMATION SCIENCE,DOE,ORG,,,,,
75,4,USA,2018,NATIONAL STRATEGIC  OVERVIEW FOR QUANTUM  INFORMATION SCIENCE,National Institute of Standards and Technology’s,ORG,,,,,
75,4,USA,2018,NATIONAL STRATEGIC  OVERVIEW FOR QUANTUM  INFORMATION SCIENCE,NIST,ORG,,,,,
79,4,USA,2018,NATIONAL STRATEGIC  OVERVIEW FOR QUANTUM  INFORMATION SCIENCE,Quantum Science and Engineering,ORG,,,,,
86,4,USA,2018,NATIONAL STRATEGIC  OVERVIEW FOR QUANTUM  INFORMATION SCIENCE,STEM,ORG,,,,,
100,4,USA,2018,NATIONAL STRATEGIC  OVERVIEW FOR QUANTUM  INFORMATION SCIENCE,SBIR,ORG,,,,,
102,4,USA,2018,NATIONAL STRATEGIC  OVERVIEW FOR QUANTUM  INFORMATION SCIENCE,Semiconductor Research Corporation,ORG,,,,,
104,4,USA,2018,NATIONAL STRATEGIC  OVERVIEW FOR QUANTUM  INFORMATION SCIENCE,Council of Advisors on Science and Technology,ORG,,,,,
105,4,USA,2018,NATIONAL STRATEGIC  OVERVIEW FOR QUANTUM  INFORMATION SCIENCE,Government—,ORG,,,,,
112,4,USA,2018,NATIONAL STRATEGIC  OVERVIEW FOR QUANTUM  INFORMATION SCIENCE,U.S. Government,ORG,,,,,
118,4,USA,2018,NATIONAL STRATEGIC  OVERVIEW FOR QUANTUM  INFORMATION SCIENCE,U.S.  Quantum Consortium,ORG,,,,,
126,4,USA,2018,NATIONAL STRATEGIC  OVERVIEW FOR QUANTUM  INFORMATION SCIENCE,Oak   Ridge’s Center for Nanophase Materials Science,ORG,,,,,
128,4,USA,2018,NATIONAL STRATEGIC  OVERVIEW FOR QUANTUM  INFORMATION SCIENCE,Microsystems and   Engineering Sciences Application,ORG,,,,,
128,4,USA,2018,NATIONAL STRATEGIC  OVERVIEW FOR QUANTUM  INFORMATION SCIENCE,MESA,ORG,,,,,
128,4,USA,2018,NATIONAL STRATEGIC  OVERVIEW FOR QUANTUM  INFORMATION SCIENCE,Sandia National Laboratories,ORG,,,,,
131,4,USA,2018,NATIONAL STRATEGIC  OVERVIEW FOR QUANTUM  INFORMATION SCIENCE,Federal,ORG,,,,,
147,4,USA,2018,NATIONAL STRATEGIC  OVERVIEW FOR QUANTUM  INFORMATION SCIENCE,EAR,ORG,,,,,
147,4,USA,2018,NATIONAL STRATEGIC  OVERVIEW FOR QUANTUM  INFORMATION SCIENCE,International Traffic in Arms Regulation,ORG,,,,,
147,4,USA,2018,NATIONAL STRATEGIC  OVERVIEW FOR QUANTUM  INFORMATION SCIENCE,ITAR,ORG,,,,,
173,4,USA,2018,NATIONAL STRATEGIC  OVERVIEW FOR QUANTUM  INFORMATION SCIENCE,Agency,ORG,,,,,
181,4,USA,2018,NATIONAL STRATEGIC  OVERVIEW FOR QUANTUM  INFORMATION SCIENCE,David Wineland,PER,,,,,
186,4,USA,2018,NATIONAL STRATEGIC  OVERVIEW FOR QUANTUM  INFORMATION SCIENCE,Department of Agriculture,ORG,,,,,
186,4,USA,2018,NATIONAL STRATEGIC  OVERVIEW FOR QUANTUM  INFORMATION SCIENCE,USDA,ORG,,,,,
186,4,USA,2018,NATIONAL STRATEGIC  OVERVIEW FOR QUANTUM  INFORMATION SCIENCE,National Institutes of Health,ORG,,,,,
186,4,USA,2018,NATIONAL STRATEGIC  OVERVIEW FOR QUANTUM  INFORMATION SCIENCE,NIH,ORG,,,,,
186,4,USA,2018,NATIONAL STRATEGIC  OVERVIEW FOR QUANTUM  INFORMATION SCIENCE,Department of the Interior,ORG,,,,,
186,4,USA,2018,NATIONAL STRATEGIC  OVERVIEW FOR QUANTUM  INFORMATION SCIENCE,DOI,ORG,,,,,
186,4,USA,2018,NATIONAL STRATEGIC  OVERVIEW FOR QUANTUM  INFORMATION SCIENCE,Department of Homeland Security,ORG,,,,,
186,4,USA,2018,NATIONAL STRATEGIC  OVERVIEW FOR QUANTUM  INFORMATION SCIENCE,DHS,ORG,,,,,
186,4,USA,2018,NATIONAL STRATEGIC  OVERVIEW FOR QUANTUM  INFORMATION SCIENCE,Department of State,ORG,,,,,
186,4,USA,2018,NATIONAL STRATEGIC  OVERVIEW FOR QUANTUM  INFORMATION SCIENCE,National Aeronautics and Space Administration,ORG,,,,,
186,4,USA,2018,NATIONAL STRATEGIC  OVERVIEW FOR QUANTUM  INFORMATION SCIENCE,NASA,ORG,,,,,
186,4,USA,2018,NATIONAL STRATEGIC  OVERVIEW FOR QUANTUM  INFORMATION SCIENCE,National Institute of Standards and Technology,ORG,,,,,
186,4,USA,2018,NATIONAL STRATEGIC  OVERVIEW FOR QUANTUM  INFORMATION SCIENCE,National Security Agency,ORG,,,,,
186,4,USA,2018,NATIONAL STRATEGIC  OVERVIEW FOR QUANTUM  INFORMATION SCIENCE,NSA,ORG,,,,,
186,4,USA,2018,NATIONAL STRATEGIC  OVERVIEW FOR QUANTUM  INFORMATION SCIENCE,National Intelligence,ORG,,,,,
186,4,USA,2018,NATIONAL STRATEGIC  OVERVIEW FOR QUANTUM  INFORMATION SCIENCE,ODNI,ORG,,,,,
186,4,USA,2018,NATIONAL STRATEGIC  OVERVIEW FOR QUANTUM  INFORMATION SCIENCE,Office of Management and Budget,ORG,,,,,
186,4,USA,2018,NATIONAL STRATEGIC  OVERVIEW FOR QUANTUM  INFORMATION SCIENCE,OMB,ORG,,,,,
186,4,USA,2018,NATIONAL STRATEGIC  OVERVIEW FOR QUANTUM  INFORMATION SCIENCE,Office of Science and Technology Policy,ORG,,,,,
190,4,USA,2018,NATIONAL STRATEGIC  OVERVIEW FOR QUANTUM  INFORMATION SCIENCE,S3,ORG,,,,,
